province,year,medical_institutions_count,medical_staff_10k_persons,medical_staff_10k_persons_2019,medical_institutions_count_2019,medical_staff_growth_5y,medical_institutions_growth_5y,staff_scale_percentile,institution_scale_percentile,staff_growth_percentile,institution_growth_percentile,resource_response_score,resource_response_type,data_scope,latest_year,baseline_year,census_2020_population,census_2020_age60_plus_pct,census_2020_age65_plus_pct,census_data_available,medical_staff_per_10k_population,medical_institutions_per_million_population,staff_per_capita_percentile,institution_per_capita_percentile,aging65_pressure_percentile,province_resource_response_type,pm25_latest_year,pm25_population_weighted_ug_m3,pm25_geographic_mean_ug_m3,pm25_city_mean_ug_m3,city_count,pm25_measure_note,pm25_pressure_percentile,source_dataset,source_url,pm25_data_available,province_risk_exposure_score,province_risk_exposure_type,province_policy_priority,gbd2017_disease_source_year,gbd2017_daly_rate_cardiovascular_diseases,gbd2017_daly_rate_chronic_respiratory_diseases,gbd2017_daly_rate_neoplasms,gbd2017_daly_rate_diabetes_kidney,gbd2017_risk_source_year,sev2017_high_systolic_blood_pressure,sev2017_ambient_pm25_pollution,sev2017_smoking,sev2017_high_fasting_plasma_glucose,sev2017_high_body_mass_index,sev2017_diet_high_in_sodium,sev2017_alcohol_use,gbd2021_ncd_source_year,gbd2021_ncd_age_standardized_mortality_rate_per100k,gbd2021_ncd_mortality_rate_change_1990_2021_pct,gbd2021_ncd_age_standardized_daly_rate_per100k,gbd2021_ncd_daly_rate_change_1990_2021_pct,gbd2017_daly_rate_cardiovascular_diseases_percentile,gbd2017_daly_rate_chronic_respiratory_diseases_percentile,gbd2017_daly_rate_neoplasms_percentile,gbd2017_daly_rate_diabetes_kidney_percentile,sev2017_high_systolic_blood_pressure_percentile,sev2017_ambient_pm25_pollution_percentile,sev2017_smoking_percentile,sev2017_high_fasting_plasma_glucose_percentile,sev2017_high_body_mass_index_percentile,sev2017_diet_high_in_sodium_percentile,sev2017_alcohol_use_percentile,province_burden_pressure_score,province_risk_exposure_score,province_combined_pressure_score,province_response_score,province_adaptation_gap_score,province_adaptation_gap_percentile,province_abcd_type,dominant_risk_triplet,dominant_disease_triplet,gbd2017_data_available,gbd2017_risk_data_available,gbd2021_ncd_data_available,gbd2021_ncd_daly_percentile_x,drg_pilot_city_count,dip_pilot_city_count,payment_reform_city_count_total,drg_pilot_2019,dip_pilot_2020,policy_first_event_year,payment_reform_policy_score,payment_reform_policy_type,policy_timeline_data_available,policy_exposure_note,source_scope,causal_boundary,province_d_payment_policy_score,province_d_policy_score,province_d_policy_type,chronic_demo_zone_count_2014_2026,chronic_demo_zone_count_recent_2020_2026,chronic_demo_zones_per_10m_population,chronic_policy_execution_score,chronic_policy_execution_type,province_d_policy_readiness,china_local_policy_execution_score,china_local_policy_execution_type,policy_execution_scored_domain_count,national_policy_milestone_domain_count,family_doctor_policy_milestone_available,hierarchical_care_policy_milestone_available,healthy_city_policy_milestone_available,policy_package_milestone_note,china_local_policy_execution_model_use_status,china_local_policy_execution_boundary_note,china_local_policy_execution_indicator_available,nbs2024_birth_rate_per_mille_candidate,nbs2024_death_rate_per_mille_candidate,nbs2024_natural_growth_rate_per_mille_candidate,nbs2024_natural_growth_corrected_by_birth_minus_death,nbs2024_urban_population_share_pct_candidate,nbs2024_gross_regional_product_100m_yuan_candidate,nbs2025_explanatory_candidate_non_null_fields,nbs2025_explanatory_mean_ocr_confidence,nbs2025_explanatory_model_use_status,nbs2025_explanatory_boundary_note,nbs2025_explanatory_candidate_available,nbs2024_urbanization_percentile_candidate,nbs2024_grp_percentile_candidate,nbs_mortality_latest_source_year,nbs_mortality_latest_death_rate_per_mille_candidate,nbs_mortality_latest_death_rate_change_yoy_candidate,nbs_mortality_latest_birth_rate_per_mille_candidate,nbs_mortality_latest_natural_growth_rate_per_mille_candidate,nbs_mortality_latest_candidate_complete,nbs_mortality_latest_source_url,nbs_mortality_panel_boundary_note,nbs_mortality_panel_year_count,nbs_mortality_panel_years,nbs_mortality_panel_death_non_null_rows,nbs_mortality_panel_available,gbd2017_four_cause_daly_sum_per100k,gbd2017_four_cause_percentile,gbd2021_ncd_daly_percentile_y,gbd2021_ncd_mortality_percentile,freshness_rank_shift_2021_minus_2017,gbd2021_bridge_status,gbd2021_bridge_model_use_status,gbd2021_bridge_boundary_note,gbd2021_freshness_bridge_available,health_outcome_anchor_score,health_outcome_anchor_type,health_outcome_anchor_consistency_score,health_outcome_anchor_consistency_type,nbs_latest_crude_death_percentile,nbs_mean_crude_death_percentile,nbs_2018_2024_crude_death_rate_change,health_outcome_anchor_model_use_status,health_outcome_anchor_boundary_note,health_outcome_anchor_available,nbs2024_health_technicians_per_1000_candidate,nbs2024_medical_beds_10k_candidate,nbs2024_medical_insurance_enrollment_10k_candidate,nbs2024_medical_insurance_fund_income_100m_candidate,nbs2024_medical_insurance_fund_expenditure_100m_candidate,candidate_non_null_fields,mean_ocr_confidence,c_layer_ocr_model_use_status,c_layer_ocr_boundary_note,c_layer_ocr_candidate_available,c_layer_qc_pass_fields,health_technicians_qc_ok,beds_qc_ok,insurance_enrollment_qc_ok,fund_income_qc_ok,fund_expenditure_qc_ok,manual_review_required_for_core_score,c_layer_qc_status,c_layer_qc_boundary_note
上海市,2024,6421.0,31.4,24.87,5597.0,0.2625653397667871,0.14722172592460248,0.2903225806451613,0.0967741935483871,0.6774193548387096,0.7096774193548387,0.6064516129032258,人均资源中位,NBS省级卫生人员/机构 + 第七次人口普查人口与老龄化；人口为2020口径，资源为最新年份口径；已补省级PM2.5环境风险暴露；已接入GBD 2017中国省级四类疾病DALY率和十大风险SEV；已补GBD 2021省级NCD总负担边界字段；已接入NHC国家慢病综合防控示范区省级执行强度；已接入NHSA DRG/DIP省级政策暴露时间线种子；已补地方政策执行指标：省级评分仅纳入DRG/DIP和慢病示范区，家庭医生/分级诊疗/健康城市作为国家政策里程碑进入政策包；已补NBS 2025年鉴死亡率/城镇化/GDP OCR解释变量候选，不进入核心因果回归；已补NBS 2018-2024年鉴分省粗死亡率OCR健康结局敏感性面板，不作为强因果主结论；已补GBD2021年龄标化NCD健康结局锚点与NBS粗死亡率敏感性一致性校验；已补NBS床位/医保/财政OCR候选字段级QC但不纳入核心评分,2024,2019,24870895.0,23.38,16.28,True,126.2519905294924,258.1732583407232,0.8709677419354839,0.03225806451612903,0.9032258064516129,相对均衡观察型,2024,27.9808219178082,27.9808219178082,27.9808219178082,1.0,ScienceDB city PM2.5 aggregated with 2020 prefecture-city population weights where matched; falls back to city mean if unmatched.,0.3870967741935484,ScienceDB 342-city PM2.5 + leiii/census 2020 prefecture-city population weights,https://www.scidb.cn/en/detail?dataSetId=84279e24dec04d4ba68c1fadb70ff1ce ; https://github.com/leiii/census,True,0.4689516129032258,省级压力中位,,2017,2535.21,1009.17,3209.96,993.23,2017,6.08,71.43,5.77,1.69,13.1,45.14,13.64,2021,419.3,-46.0,15140.5,-33.1,0.03225806451612903,0.12903225806451613,0.16129032258064516,0.3548387096774194,0.24193548387096775,0.9032258064516129,0.08064516129032258,0.6612903225806451,0.9354838709677419,0.45161290322580644,0.967741935483871,0.16935483870967744,0.6059907834101382,0.4689516129032258,0.6064516129032258,-0.1375,0.3064516129032258,相对均衡型,"饮酒(13.6,P97) / 高BMI(13.1,P94) / PM2.5(71.4,P90)",肿瘤(3210.0) / 心血管疾病(2535.2) / 慢性呼吸系统疾病(1009.2),True,True,True,0.03225806451612903,1.0,1.0,2.0,True,True,2019,0.94,高政策暴露,True,该省存在DRG或DIP国家试点城市，可作为省级D层政策暴露时间线种子。,NHSA DRG 2019国家试点名单 + NHSA DIP 2020国家试点名单,该表只刻画政策暴露/先行试点，不估计政策对健康结果的省级因果效应。,0.94,0.5315161290322581,高政策暴露；慢病政策执行低位,2,0,0.8041528059203338,0.032258064516129,慢病政策执行低位,D层政策暴露中位,0.5315161290322581,地方政策执行中位,2,3,True,True,True,家庭医生签约、分级诊疗、健康促进/健康城市已补国家级政策里程碑；因缺统一省级执行强度，不进入省级差异评分，只进入政策包解释。,provincial_scored_for_payment_and_chronic_national_milestones_for_policy_package,省级可计分政策执行仅使用NHSA DRG/DIP和NHC慢病示范区；家庭医生、分级诊疗、健康城市作为国家级政策菜单，不伪装成省级强弱差异。,True,4.75,6.28,-1.53,False,89.85,53926.7,5,0.8,supplemental_explanatory_candidate_not_used_for_core_causal_claim,来自国家统计局2025年鉴静态图片的macOS Vision OCR候选字段；可用于解释省级经济、城镇化和人口压力差异，不进入健康结果因果主回归，需人工复核后才能作为硬数值。,True,1.0,0.7419354838709677,2024,6.28,-0.0899999999999998,4.75,-1.53,True,https://www.stats.gov.cn/sj/ndsj/2025/html/C02-07.jpg,NBS 2025年鉴OCR候选经中英文表回退和算术校正；粗死亡率只作为健康结局敏感性/边界检验。,6,2018;2019;2021;2022;2023;2024,6,True,7747.570000000001,0.032258064516129,0.032258064516129,0.032258064516129,0.0,freshness_boundary_bridge_available,freshness_bridge_not_same_cause_replacement,GBD2021省级NCD总负担用于新鲜度桥接；核心四病种/风险SEV仍保持GBD2017同构口径。,True,0.0451612903225806,NCD健康结局低压锚点,0.935483870967742,高一致性,0.1612903225806451,0.1612903225806451,0.8799999999999999,age_standardized_ncd_anchor_plus_crude_mortality_sensitivity,GBD2021提供省级NCD年龄标化死亡率/DALY率健康结局锚点，NBS提供多年全因粗死亡率敏感性；该表用于中国A/D层健康结局校准和答辩边界，不构成省级政策降低死亡率或DALY的强因果面板。,True,10.46,18.61,2020.4,2164.5,1661.0,9,0.8666666666666667,supplemental_candidate_not_used_in_core_score,由macOS Vision OCR从国家统计局年鉴静态图片抽取，作为C层增强候选；不进入主评分，需人工复核后才能作为硬数值。,True,4,True,True,False,True,True,True,field_level_reviewed_high_confidence,OCR候选已完成字段级机器复核；通过QC的字段可作为补充解释，未通过字段不得进入核心C层评分。
云南省,2024,29667.0,53.64,42.93,25587.0,0.24947589098532497,0.1594559737366632,0.6451612903225806,0.45161290322580644,0.6129032258064516,0.7419354838709677,0.5225806451612903,人均资源中位,NBS省级卫生人员/机构 + 第七次人口普查人口与老龄化；人口为2020口径，资源为最新年份口径；已补省级PM2.5环境风险暴露；已接入GBD 2017中国省级四类疾病DALY率和十大风险SEV；已补GBD 2021省级NCD总负担边界字段；已接入NHC国家慢病综合防控示范区省级执行强度；已接入NHSA DRG/DIP省级政策暴露时间线种子；已补地方政策执行指标：省级评分仅纳入DRG/DIP和慢病示范区，家庭医生/分级诊疗/健康城市作为国家政策里程碑进入政策包；已补NBS 2025年鉴死亡率/城镇化/GDP OCR解释变量候选，不进入核心因果回归；已补NBS 2018-2024年鉴分省粗死亡率OCR健康结局敏感性面板，不作为强因果主结论；已补GBD2021年龄标化NCD健康结局锚点与NBS粗死亡率敏感性一致性校验；已补NBS床位/医保/财政OCR候选字段级QC但不纳入核心评分,2024,2019,47209277.0,14.91,10.75,True,113.62173582959129,628.4146228293223,0.5806451612903226,0.25806451612903225,0.22580645161290322,相对均衡观察型,2024,20.682173702526445,19.517055368485497,19.517055368485497,16.0,ScienceDB city PM2.5 aggregated with 2020 prefecture-city population weights where matched; falls back to city mean if unmatched.,0.1935483870967742,ScienceDB 342-city PM2.5 + leiii/census 2020 prefecture-city population weights,https://www.scidb.cn/en/detail?dataSetId=84279e24dec04d4ba68c1fadb70ff1ce ; https://github.com/leiii/census,True,0.3850806451612903,省级压力中位,,2017,5681.11,2345.41,3107.87,1092.46,2017,5.44,29.09,8.26,1.32,6.07,46.18,9.74,2021,686.0,-37.7,21495.0,-34.2,0.3870967741935484,0.8709677419354839,0.0967741935483871,0.6774193548387096,0.0967741935483871,0.0967741935483871,0.967741935483871,0.2903225806451613,0.06451612903225806,0.5161290322580645,0.1935483870967742,0.5080645161290323,0.3179723502304147,0.3850806451612903,0.5225806451612903,-0.1375,0.3064516129032258,相对均衡型,"吸烟(8.3,P97) / 高钠饮食(46.2,P52) / 高血糖(1.3,P29)",心血管疾病(5681.1) / 肿瘤(3107.9) / 慢性呼吸系统疾病(2345.4),True,True,True,0.8387096774193549,1.0,2.0,3.0,True,True,2019,0.96,高政策暴露,True,该省存在DRG或DIP国家试点城市，可作为省级D层政策暴露时间线种子。,NHSA DRG 2019国家试点名单 + NHSA DIP 2020国家试点名单,该表只刻画政策暴露/先行试点，不估计政策对健康结果的省级因果效应。,0.96,0.9094112903225808,高政策暴露；慢病政策执行高位,21,12,4.448278248362075,0.8475806451612904,慢病政策执行高位,D层政策暴露高位,0.9094112903225808,地方政策执行高位,2,3,True,True,True,家庭医生签约、分级诊疗、健康促进/健康城市已补国家级政策里程碑；因缺统一省级执行强度，不进入省级差异评分，只进入政策包解释。,provincial_scored_for_payment_and_chronic_national_milestones_for_policy_package,省级可计分政策执行仅使用NHSA DRG/DIP和NHC慢病示范区；家庭医生、分级诊疗、健康城市作为国家级政策菜单，不伪装成省级强弱差异。,True,8.62,8.45,0.17,False,54.11,31534.1,5,0.62,supplemental_explanatory_candidate_not_used_for_core_causal_claim,来自国家统计局2025年鉴静态图片的macOS Vision OCR候选字段；可用于解释省级经济、城镇化和人口压力差异，不进入健康结果因果主回归，需人工复核后才能作为硬数值。,True,0.06451612903225806,0.45161290322580644,2024,8.45,-0.1600000000000001,8.62,0.17,True,https://www.stats.gov.cn/sj/ndsj/2025/html/C02-07.jpg,NBS 2025年鉴OCR候选经中英文表回退和算术校正；粗死亡率只作为健康结局敏感性/边界检验。,6,2018;2019;2021;2022;2023;2024,6,True,12226.85,0.3870967741935484,0.8387096774193549,0.8064516129032258,0.4516129032258065,freshness_boundary_bridge_available,freshness_bridge_not_same_cause_replacement,GBD2021省级NCD总负担用于新鲜度桥接；核心四病种/风险SEV仍保持GBD2017同构口径。,True,0.7516129032258065,NCD健康结局高压锚点,0.7634408602150538,中一致性,0.7419354838709677,0.7096774193548387,2.129999999999999,age_standardized_ncd_anchor_plus_crude_mortality_sensitivity,GBD2021提供省级NCD年龄标化死亡率/DALY率健康结局锚点，NBS提供多年全因粗死亡率敏感性；该表用于中国A/D层健康结局校准和答辩边界，不构成省级政策降低死亡率或DALY的强因果面板。,True,8.66,215.0,4562.5,837.2,711.6,9,0.6777777777777777,supplemental_candidate_not_used_in_core_score,由macOS Vision OCR从国家统计局年鉴静态图片抽取，作为C层增强候选；不进入主评分，需人工复核后才能作为硬数值。,True,3,True,False,True,False,True,True,field_level_reviewed_partial,OCR候选已完成字段级机器复核；通过QC的字段可作为补充解释，未通过字段不得进入核心C层评分。
内蒙古自治区,2024,26768.0,30.16,24.93,24564.0,0.20978740473325308,0.08972480052108778,0.22580645161290322,0.41935483870967744,0.41935483870967744,0.45161290322580644,0.717741935483871,人均资源高位,NBS省级卫生人员/机构 + 第七次人口普查人口与老龄化；人口为2020口径，资源为最新年份口径；已补省级PM2.5环境风险暴露；已接入GBD 2017中国省级四类疾病DALY率和十大风险SEV；已补GBD 2021省级NCD总负担边界字段；已接入NHC国家慢病综合防控示范区省级执行强度；已接入NHSA DRG/DIP省级政策暴露时间线种子；已补地方政策执行指标：省级评分仅纳入DRG/DIP和慢病示范区，家庭医生/分级诊疗/健康城市作为国家政策里程碑进入政策包；已补NBS 2025年鉴死亡率/城镇化/GDP OCR解释变量候选，不进入核心因果回归；已补NBS 2018-2024年鉴分省粗死亡率OCR健康结局敏感性面板，不作为强因果主结论；已补GBD2021年龄标化NCD健康结局锚点与NBS粗死亡率敏感性一致性校验；已补NBS床位/医保/财政OCR候选字段级QC但不纳入核心评分,2024,2019,24049155.0,19.78,13.05,True,125.40981169608662,1113.0536603053206,0.8064516129032258,0.9032258064516129,0.45161290322580644,资源储备较强型,2024,25.017713585203488,24.89155251141552,24.89155251141552,12.0,ScienceDB city PM2.5 aggregated with 2020 prefecture-city population weights where matched; falls back to city mean if unmatched.,0.22580645161290322,ScienceDB 342-city PM2.5 + leiii/census 2020 prefecture-city population weights,https://www.scidb.cn/en/detail?dataSetId=84279e24dec04d4ba68c1fadb70ff1ce ; https://github.com/leiii/census,True,0.5814516129032258,省级压力中位,,2017,7502.19,1408.82,4167.91,1032.44,2017,7.83,41.19,6.81,1.69,10.58,50.49,11.55,2021,704.9,-42.8,21270.2,-37.5,0.8064516129032258,0.5161290322580645,0.5483870967741935,0.45161290322580644,0.9354838709677419,0.22580645161290322,0.5161290322580645,0.6612903225806451,0.7096774193548387,0.9354838709677419,0.6129032258064516,0.5806451612903225,0.6566820276497696,0.5814516129032258,0.717741935483871,-0.13629032258064522,0.3870967741935484,相对均衡型,"高收缩压(7.8,P94) / 高钠饮食(50.5,P94) / 高BMI(10.6,P71)",心血管疾病(7502.2) / 肿瘤(4167.9) / 慢性呼吸系统疾病(1408.8),True,True,True,0.8064516129032258,1.0,3.0,4.0,True,True,2019,0.98,高政策暴露,True,该省存在DRG或DIP国家试点城市，可作为省级D层政策暴露时间线种子。,NHSA DRG 2019国家试点名单 + NHSA DIP 2020国家试点名单,该表只刻画政策暴露/先行试点，不估计政策对健康结果的省级因果效应。,0.98,0.7861370967741936,高政策暴露；慢病政策执行中位,12,7,4.989780306210343,0.5491935483870968,慢病政策执行中位,D层政策暴露高位,0.7861370967741936,地方政策执行高位,2,3,True,True,True,家庭医生签约、分级诊疗、健康促进/健康城市已补国家级政策里程碑；因缺统一省级执行强度，不进入省级差异评分，只进入政策包解释。,provincial_scored_for_payment_and_chronic_national_milestones_for_policy_package,省级可计分政策执行仅使用NHSA DRG/DIP和NHC慢病示范区；家庭医生、分级诊疗、健康城市作为国家级政策菜单，不伪装成省级强弱差异。,True,5.52,8.36,-2.84,False,70.73,26314.6,5,0.8,supplemental_explanatory_candidate_not_used_for_core_causal_claim,来自国家统计局2025年鉴静态图片的macOS Vision OCR候选字段；可用于解释省级经济、城镇化和人口压力差异，不进入健康结果因果主回归，需人工复核后才能作为硬数值。,True,0.7096774193548387,0.3870967741935484,2024,8.36,-0.0600000000000005,5.52,-2.84,True,https://www.stats.gov.cn/sj/ndsj/2025/html/C02-07.jpg,NBS 2025年鉴OCR候选经中英文表回退和算术校正；粗死亡率只作为健康结局敏感性/边界检验。,6,2018;2019;2021;2022;2023;2024,6,True,14111.36,0.6774193548387096,0.8064516129032258,0.9032258064516128,0.1290322580645161,freshness_boundary_bridge_available,freshness_bridge_not_same_cause_replacement,GBD2021省级NCD总负担用于新鲜度桥接；核心四病种/风险SEV仍保持GBD2017同构口径。,True,0.8032258064516128,NCD健康结局高压锚点,0.8655913978494624,高一致性,0.6774193548387096,0.5483870967741935,2.4099999999999993,age_standardized_ncd_anchor_plus_crude_mortality_sensitivity,GBD2021提供省级NCD年龄标化死亡率/DALY率健康结局锚点，NBS提供多年全因粗死亡率敏感性；该表用于中国A/D层健康结局校准和答辩边界，不构成省级政策降低死亡率或DALY的强因果面板。,True,10.46,17.36,2164.0,554.7,518.8,9,0.7333333333333333,supplemental_candidate_not_used_in_core_score,由macOS Vision OCR从国家统计局年鉴静态图片抽取，作为C层增强候选；不进入主评分，需人工复核后才能作为硬数值。,True,4,True,True,True,False,True,True,field_level_reviewed_high_confidence,OCR候选已完成字段级机器复核；通过QC的字段可作为补充解释，未通过字段不得进入核心C层评分。
北京市,2024,11273.0,40.16,34.32,10336.0,0.17016317016317006,0.09065402476780182,0.45161290322580644,0.22580645161290322,0.16129032258064516,0.4838709677419355,0.5629032258064516,人均资源中位,NBS省级卫生人员/机构 + 第七次人口普查人口与老龄化；人口为2020口径，资源为最新年份口径；已补省级PM2.5环境风险暴露；已接入GBD 2017中国省级四类疾病DALY率和十大风险SEV；已补GBD 2021省级NCD总负担边界字段；已接入NHC国家慢病综合防控示范区省级执行强度；已接入NHSA DRG/DIP省级政策暴露时间线种子；已补地方政策执行指标：省级评分仅纳入DRG/DIP和慢病示范区，家庭医生/分级诊疗/健康城市作为国家政策里程碑进入政策包；已补NBS 2025年鉴死亡率/城镇化/GDP OCR解释变量候选，不进入核心因果回归；已补NBS 2018-2024年鉴分省粗死亡率OCR健康结局敏感性面板，不作为强因果主结论；已补GBD2021年龄标化NCD健康结局锚点与NBS粗死亡率敏感性一致性校验；已补NBS床位/医保/财政OCR候选字段级QC但不纳入核心评分,2024,2019,21893095.0,19.63,13.3,True,183.4368324807433,514.9112083056325,1.0,0.12903225806451613,0.5161290322580645,相对均衡观察型,2024,30.9753424657534,30.9753424657534,30.9753424657534,1.0,ScienceDB city PM2.5 aggregated with 2020 prefecture-city population weights where matched; falls back to city mean if unmatched.,0.4838709677419355,ScienceDB 342-city PM2.5 + leiii/census 2020 prefecture-city population weights,https://www.scidb.cn/en/detail?dataSetId=84279e24dec04d4ba68c1fadb70ff1ce ; https://github.com/leiii/census,True,0.3915322580645161,省级压力中位,,2017,3439.34,851.04,2670.41,962.77,2017,6.79,86.01,5.59,1.98,15.58,27.04,14.66,2021,468.1,-48.0,16092.1,-35.7,0.0967741935483871,0.03225806451612903,0.06451612903225806,0.2903225806451613,0.6451612903225806,1.0,0.03225806451612903,0.9032258064516129,1.0,0.0967741935483871,1.0,0.12096774193548387,0.6682027649769585,0.3915322580645161,0.5629032258064516,-0.1713709677419355,0.22580645161290322,相对均衡型,"PM2.5(86.0,P100) / 高BMI(15.6,P100) / 饮酒(14.7,P100)",心血管疾病(3439.3) / 肿瘤(2670.4) / 糖尿病和肾病(962.8),True,True,True,0.0967741935483871,1.0,0.0,1.0,True,False,2019,0.47,中政策暴露,True,该省存在DRG或DIP国家试点城市，可作为省级D层政策暴露时间线种子。,NHSA DRG 2019国家试点名单 + NHSA DIP 2020国家试点名单,该表只刻画政策暴露/先行试点，不估计政策对健康结果的省级因果效应。,0.47,0.41854032258064516,中政策暴露；慢病政策执行中位,9,3,4.1108851900565,0.3556451612903226,慢病政策执行中位,D层政策暴露中位,0.4185403225806451,地方政策执行中位,2,3,True,True,True,家庭医生签约、分级诊疗、健康促进/健康城市已补国家级政策里程碑；因缺统一省级执行强度，不进入省级差异评分，只进入政策包解释。,provincial_scored_for_payment_and_chronic_national_milestones_for_policy_package,省级可计分政策执行仅使用NHSA DRG/DIP和NHC慢病示范区；家庭医生、分级诊疗、健康城市作为国家级政策菜单，不伪装成省级强弱差异。,True,6.09,6.08,0.01,False,88.22,49843.1,5,1.0,supplemental_explanatory_candidate_not_used_for_core_causal_claim,来自国家统计局2025年鉴静态图片的macOS Vision OCR候选字段；可用于解释省级经济、城镇化和人口压力差异，不进入健康结果因果主回归，需人工复核后才能作为硬数值。,True,0.967741935483871,0.6451612903225806,2024,6.08,-0.0499999999999998,6.09,0.01,True,https://www.stats.gov.cn/sj/ndsj/2025/html/C02-07.jpg,NBS 2025年鉴OCR候选经中英文表回退和算术校正；粗死亡率只作为健康结局敏感性/边界检验。,6,2018;2019;2021;2022;2023;2024,6,True,7923.56,0.064516129032258,0.0967741935483871,0.0967741935483871,0.032258064516129,freshness_boundary_bridge_available,freshness_bridge_not_same_cause_replacement,GBD2021省级NCD总负担用于新鲜度桥接；核心四病种/风险SEV仍保持GBD2017同构口径。,True,0.0951612903225806,NCD健康结局低压锚点,0.967741935483871,高一致性,0.1290322580645161,0.1290322580645161,0.5,age_standardized_ncd_anchor_plus_crude_mortality_sensitivity,GBD2021提供省级NCD年龄标化死亡率/DALY率健康结局锚点，NBS提供多年全因粗死亡率敏感性；该表用于中国A/D层健康结局校准和答辩边界，不构成省级政策降低死亡率或DALY的强因果面板。,True,14.84,14.11,1933.6,2156.6,1404.8,9,0.8111111111111111,supplemental_candidate_not_used_in_core_score,由macOS Vision OCR从国家统计局年鉴静态图片抽取，作为C层增强候选；不进入主评分，需人工复核后才能作为硬数值。,True,4,True,True,False,True,True,True,field_level_reviewed_high_confidence,OCR候选已完成字段级机器复核；通过QC的字段可作为补充解释，未通过字段不得进入核心C层评分。
吉林省,2024,26540.0,30.43,24.64,22198.0,0.23498376623376616,0.19560320749617088,0.25806451612903225,0.3548387096774194,0.5806451612903226,0.8709677419354839,0.8274193548387097,人均资源高位,NBS省级卫生人员/机构 + 第七次人口普查人口与老龄化；人口为2020口径，资源为最新年份口径；已补省级PM2.5环境风险暴露；已接入GBD 2017中国省级四类疾病DALY率和十大风险SEV；已补GBD 2021省级NCD总负担边界字段；已接入NHC国家慢病综合防控示范区省级执行强度；已接入NHSA DRG/DIP省级政策暴露时间线种子；已补地方政策执行指标：省级评分仅纳入DRG/DIP和慢病示范区，家庭医生/分级诊疗/健康城市作为国家政策里程碑进入政策包；已补NBS 2025年鉴死亡率/城镇化/GDP OCR解释变量候选，不进入核心因果回归；已补NBS 2018-2024年鉴分省粗死亡率OCR健康结局敏感性面板，不作为强因果主结论；已补GBD2021年龄标化NCD健康结局锚点与NBS粗死亡率敏感性一致性校验；已补NBS床位/医保/财政OCR候选字段级QC但不纳入核心评分,2024,2019,24073453.0,23.06,15.61,True,126.40479951089692,1102.4592109823216,0.9032258064516129,0.8709677419354839,0.8225806451612904,高龄高响应储备型,2024,28.858180321780218,26.306240487062396,26.306240487062396,9.0,ScienceDB city PM2.5 aggregated with 2020 prefecture-city population weights where matched; falls back to city mean if unmatched.,0.41935483870967744,ScienceDB 342-city PM2.5 + leiii/census 2020 prefecture-city population weights,https://www.scidb.cn/en/detail?dataSetId=84279e24dec04d4ba68c1fadb70ff1ce ; https://github.com/leiii/census,True,0.6370967741935485,省级压力中位,,2017,8040.2,972.87,4477.19,1232.62,2017,7.25,53.73,6.3,1.74,10.55,42.6,11.91,2021,654.2,-45.0,20356.6,-38.0,0.9032258064516129,0.06451612903225806,0.6451612903225806,0.8387096774193549,0.8064516129032258,0.5806451612903226,0.16129032258064516,0.7419354838709677,0.6774193548387096,0.25806451612903225,0.7096774193548387,0.6129032258064516,0.5622119815668203,0.6370967741935485,0.8274193548387097,-0.19032258064516117,0.1935483870967742,相对均衡型,"高收缩压(7.2,P81) / 高血糖(1.7,P74) / 饮酒(11.9,P71)",心血管疾病(8040.2) / 肿瘤(4477.2) / 糖尿病和肾病(1232.6),True,True,True,0.7096774193548387,1.0,1.0,2.0,True,True,2019,0.94,高政策暴露,True,该省存在DRG或DIP国家试点城市，可作为省级D层政策暴露时间线种子。,NHSA DRG 2019国家试点名单 + NHSA DIP 2020国家试点名单,该表只刻画政策暴露/先行试点，不估计政策对健康结果的省级因果效应。,0.94,0.636758064516129,高政策暴露；慢病政策执行低位,8,3,3.323162655560879,0.2661290322580645,慢病政策执行低位,D层政策暴露中位,0.636758064516129,地方政策执行中位,2,3,True,True,True,家庭医生签约、分级诊疗、健康促进/健康城市已补国家级政策里程碑；因缺统一省级执行强度，不进入省级差异评分，只进入政策包解释。,provincial_scored_for_payment_and_chronic_national_milestones_for_policy_package,省级可计分政策执行仅使用NHSA DRG/DIP和NHC慢病示范区；家庭医生、分级诊疗、健康城市作为国家级政策菜单，不伪装成省级强弱差异。,True,4.17,,-4.85,False,65.78,14361.2,4,1.0,supplemental_explanatory_candidate_not_used_for_core_causal_claim,来自国家统计局2025年鉴静态图片的macOS Vision OCR候选字段；可用于解释省级经济、城镇化和人口压力差异，不进入健康结果因果主回归，需人工复核后才能作为硬数值。,True,0.4838709677419355,0.1935483870967742,2024,9.02,-0.1500000000000003,4.17,-4.85,True,https://www.stats.gov.cn/sj/ndsj/2025/html/C02-07.jpg,NBS 2025年鉴OCR候选经中英文表回退和算术校正；粗死亡率只作为健康结局敏感性/边界检验。,6,2018;2019;2021;2022;2023;2024,5,True,14722.879999999996,0.8064516129032258,0.7096774193548387,0.7419354838709677,-0.096774193548387,freshness_boundary_bridge_available,freshness_bridge_not_same_cause_replacement,GBD2021省级NCD总负担用于新鲜度桥接；核心四病种/风险SEV仍保持GBD2017同构口径。,True,0.753225806451613,NCD健康结局高压锚点,0.89247311827957,高一致性,0.9032258064516128,0.8387096774193549,2.76,age_standardized_ncd_anchor_plus_crude_mortality_sensitivity,GBD2021提供省级NCD年龄标化死亡率/DALY率健康结局锚点，NBS提供多年全因粗死亡率敏感性；该表用于中国A/D层健康结局校准和答辩边界，不构成省级政策降低死亡率或DALY的强因果面板。,True,102.0,17.77,,,436.2,5,0.62,supplemental_candidate_not_used_in_core_score,由macOS Vision OCR从国家统计局年鉴静态图片抽取，作为C层增强候选；不进入主评分，需人工复核后才能作为硬数值。,True,2,False,True,False,False,True,True,field_level_reviewed_partial,OCR候选已完成字段级机器复核；通过QC的字段可作为补充解释，未通过字段不得进入核心C层评分。
四川省,2024,74797.0,94.22,79.34,83756.0,0.18754726493571972,-0.10696547113042643,0.9032258064516129,0.9032258064516129,0.3225806451612903,0.03225806451612903,0.4854838709677419,人均资源中位,NBS省级卫生人员/机构 + 第七次人口普查人口与老龄化；人口为2020口径，资源为最新年份口径；已补省级PM2.5环境风险暴露；已接入GBD 2017中国省级四类疾病DALY率和十大风险SEV；已补GBD 2021省级NCD总负担边界字段；已接入NHC国家慢病综合防控示范区省级执行强度；已接入NHSA DRG/DIP省级政策暴露时间线种子；已补地方政策执行指标：省级评分仅纳入DRG/DIP和慢病示范区，家庭医生/分级诊疗/健康城市作为国家政策里程碑进入政策包；已补NBS 2025年鉴死亡率/城镇化/GDP OCR解释变量候选，不进入核心因果回归；已补NBS 2018-2024年鉴分省粗死亡率OCR健康结局敏感性面板，不作为强因果主结论；已补GBD2021年龄标化NCD健康结局锚点与NBS粗死亡率敏感性一致性校验；已补NBS床位/医保/财政OCR候选字段级QC但不纳入核心评分,2024,2019,83674866.0,21.71,16.93,True,112.60251077067754,893.9004455650995,0.5161290322580645,0.7419354838709677,0.9354838709677419,相对均衡观察型,2024,31.54050762738181,29.796086105675148,29.796086105675148,21.0,ScienceDB city PM2.5 aggregated with 2020 prefecture-city population weights where matched; falls back to city mean if unmatched.,0.5161290322580645,ScienceDB 342-city PM2.5 + leiii/census 2020 prefecture-city population weights,https://www.scidb.cn/en/detail?dataSetId=84279e24dec04d4ba68c1fadb70ff1ce ; https://github.com/leiii/census,True,0.7012096774193549,省级压力高位,优先做慢病早筛、基层连续管理和资源短板补强,2017,5766.03,3185.77,5936.02,1122.4,2017,6.36,48.36,7.23,1.4,7.88,45.78,10.71,2021,589.3,-37.1,19521.9,-32.2,0.41935483870967744,1.0,0.967741935483871,0.7419354838709677,0.3225806451612903,0.41935483870967744,0.7096774193548387,0.3709677419354839,0.41935483870967744,0.4838709677419355,0.5161290322580645,0.782258064516129,0.46313364055299544,0.7012096774193549,0.4854838709677419,0.215725806451613,0.7741935483870968,高压低响应型,"吸烟(7.2,P71) / 饮酒(10.7,P52) / 高钠饮食(45.8,P48)",肿瘤(5936.0) / 心血管疾病(5766.0) / 慢性呼吸系统疾病(3185.8),True,True,True,0.5806451612903226,1.0,3.0,4.0,True,True,2019,0.98,高政策暴露,True,该省存在DRG或DIP国家试点城市，可作为省级D层政策暴露时间线种子。,NHSA DRG 2019国家试点名单 + NHSA DIP 2020国家试点名单,该表只刻画政策暴露/先行试点，不估计政策对健康结果的省级因果效应。,0.98,0.8888387096774193,高政策暴露；慢病政策执行高位,24,12,2.868244808423117,0.7774193548387096,慢病政策执行高位,D层政策暴露高位,0.8888387096774193,地方政策执行高位,2,3,True,True,True,家庭医生签约、分级诊疗、健康促进/健康城市已补国家级政策里程碑；因缺统一省级执行强度，不进入省级差异评分，只进入政策包解释。,provincial_scored_for_payment_and_chronic_national_milestones_for_policy_package,省级可计分政策执行仅使用NHSA DRG/DIP和NHC慢病示范区；家庭医生、分级诊疗、健康城市作为国家级政策菜单，不伪装成省级强弱差异。,True,6.41,9.43,-3.0199999999999996,True,60.1,64697.0,5,0.62,supplemental_explanatory_candidate_not_used_for_core_causal_claim,来自国家统计局2025年鉴静态图片的macOS Vision OCR候选字段；可用于解释省级经济、城镇化和人口压力差异，不进入健康结果因果主回归，需人工复核后才能作为硬数值。,True,0.22580645161290322,0.8709677419354839,2024,9.43,-0.0099999999999997,6.41,-3.0199999999999996,True,https://www.stats.gov.cn/sj/ndsj/2025/html/C02-07.jpg,NBS 2025年鉴OCR候选经中英文表回退和算术校正；粗死亡率只作为健康结局敏感性/边界检验。,6,2018;2019;2021;2022;2023;2024,6,True,16010.22,0.9032258064516128,0.5806451612903226,0.4193548387096774,-0.3225806451612902,freshness_boundary_bridge_available,freshness_bridge_not_same_cause_replacement,GBD2021省级NCD总负担用于新鲜度桥接；核心四病种/风险SEV仍保持GBD2017同构口径。,True,0.6161290322580645,NCD健康结局中位锚点,0.6881720430107527,中一致性,0.935483870967742,0.967741935483871,2.42,age_standardized_ncd_anchor_plus_crude_mortality_sensitivity,GBD2021提供省级NCD年龄标化死亡率/DALY率健康结局锚点，NBS提供多年全因粗死亡率敏感性；该表用于中国A/D层健康结局校准和答辩边界，不构成省级政策降低死亡率或DALY的强因果面板。,True,9.47,71.49,8082.6,1899.9,1519.6,9,0.8666666666666667,supplemental_candidate_not_used_in_core_score,由macOS Vision OCR从国家统计局年鉴静态图片抽取，作为C层增强候选；不进入主评分，需人工复核后才能作为硬数值。,True,4,False,True,True,True,True,True,field_level_reviewed_high_confidence,OCR候选已完成字段级机器复核；通过QC的字段可作为补充解释，未通过字段不得进入核心C层评分。
天津市,2024,6939.0,17.16,13.92,5962.0,0.23275862068965525,0.16387118416638713,0.16129032258064516,0.16129032258064516,0.4838709677419355,0.8064516129032258,0.55,人均资源中位,NBS省级卫生人员/机构 + 第七次人口普查人口与老龄化；人口为2020口径，资源为最新年份口径；已补省级PM2.5环境风险暴露；已接入GBD 2017中国省级四类疾病DALY率和十大风险SEV；已补GBD 2021省级NCD总负担边界字段；已接入NHC国家慢病综合防控示范区省级执行强度；已接入NHSA DRG/DIP省级政策暴露时间线种子；已补地方政策执行指标：省级评分仅纳入DRG/DIP和慢病示范区，家庭医生/分级诊疗/健康城市作为国家政策里程碑进入政策包；已补NBS 2025年鉴死亡率/城镇化/GDP OCR解释变量候选，不进入核心因果回归；已补NBS 2018-2024年鉴分省粗死亡率OCR健康结局敏感性面板，不作为强因果主结论；已补GBD2021年龄标化NCD健康结局锚点与NBS粗死亡率敏感性一致性校验；已补NBS床位/医保/财政OCR候选字段级QC但不纳入核心评分,2024,2019,13866009.0,21.66,14.75,True,123.75586947909812,500.4323882957238,0.7741935483870968,0.0967741935483871,0.6774193548387096,相对均衡观察型,2024,38.1753424657534,38.1753424657534,38.1753424657534,1.0,ScienceDB city PM2.5 aggregated with 2020 prefecture-city population weights where matched; falls back to city mean if unmatched.,0.8709677419354839,ScienceDB 342-city PM2.5 + leiii/census 2020 prefecture-city population weights,https://www.scidb.cn/en/detail?dataSetId=84279e24dec04d4ba68c1fadb70ff1ce ; https://github.com/leiii/census,True,0.5995967741935484,省级压力中位,优先联动PM2.5治理、心肺慢病筛查和老龄高风险人群防护,2017,6148.17,986.32,3971.09,1243.67,2017,6.82,85.42,6.29,2.15,14.78,25.51,13.02,2021,628.9,-33.6,19233.2,-25.4,0.5483870967741935,0.0967741935483871,0.4838709677419355,0.9032258064516129,0.7096774193548387,0.967741935483871,0.12903225806451613,1.0,0.967741935483871,0.06451612903225806,0.8709677419354839,0.5080645161290323,0.6728110599078342,0.5995967741935484,0.55,0.049596774193548354,0.6451612903225806,相对均衡型,"高血糖(2.1,P100) / PM2.5(85.4,P97) / 高BMI(14.8,P97)",心血管疾病(6148.2) / 肿瘤(3971.1) / 糖尿病和肾病(1243.7),True,True,True,0.4838709677419355,1.0,1.0,2.0,True,True,2019,0.94,高政策暴露,True,该省存在DRG或DIP国家试点城市，可作为省级D层政策暴露时间线种子。,NHSA DRG 2019国家试点名单 + NHSA DIP 2020国家试点名单,该表只刻画政策暴露/先行试点，不估计政策对健康结果的省级因果效应。,0.94,0.6951854838709678,高政策暴露；慢病政策执行中位,8,5,5.769504404619959,0.3959677419354839,慢病政策执行中位,D层政策暴露高位,0.6951854838709678,地方政策执行高位,2,3,True,True,True,家庭医生签约、分级诊疗、健康促进/健康城市已补国家级政策里程碑；因缺统一省级执行强度，不进入省级差异评分，只进入政策包解释。,provincial_scored_for_payment_and_chronic_national_milestones_for_policy_package,省级可计分政策执行仅使用NHSA DRG/DIP和NHC慢病示范区；家庭医生、分级诊疗、健康城市作为国家级政策菜单，不伪装成省级强弱差异。,True,4.99,6.96,-1.97,False,86.01,18024.3,5,0.7,supplemental_explanatory_candidate_not_used_for_core_causal_claim,来自国家统计局2025年鉴静态图片的macOS Vision OCR候选字段；可用于解释省级经济、城镇化和人口压力差异，不进入健康结果因果主回归，需人工复核后才能作为硬数值。,True,0.9354838709677419,0.25806451612903225,2024,6.96,-0.08,4.99,-1.97,True,https://www.stats.gov.cn/sj/ndsj/2025/html/C02-07.jpg,NBS 2025年鉴OCR候选经中英文表回退和算术校正；粗死亡率只作为健康结局敏感性/边界检验。,6,2018;2019;2021;2022;2023;2024,6,True,12349.25,0.4193548387096774,0.4838709677419355,0.6129032258064516,0.064516129032258,freshness_boundary_bridge_available,freshness_bridge_not_same_cause_replacement,GBD2021省级NCD总负担用于新鲜度桥接；核心四病种/风险SEV仍保持GBD2017同构口径。,True,0.496774193548387,NCD健康结局中位锚点,0.8440860215053764,高一致性,0.3225806451612903,0.2903225806451613,1.54,age_standardized_ncd_anchor_plus_crude_mortality_sensitivity,GBD2021提供省级NCD年龄标化死亡率/DALY率健康结局锚点，NBS提供多年全因粗死亡率敏感性；该表用于中国A/D层健康结局校准和答辩边界，不构成省级政策降低死亡率或DALY的强因果面板。,True,10.18,7.32,1227.7,542.7,483.6,9,0.9222222222222224,supplemental_candidate_not_used_in_core_score,由macOS Vision OCR从国家统计局年鉴静态图片抽取，作为C层增强候选；不进入主评分，需人工复核后才能作为硬数值。,True,4,True,True,True,True,False,True,field_level_reviewed_high_confidence,OCR候选已完成字段级机器复核；通过QC的字段可作为补充解释，未通过字段不得进入核心C层评分。
宁夏回族自治区,2024,4986.0,8.05,6.86,4397.0,0.17346938775510212,0.13395496929724815,0.0967741935483871,0.03225806451612903,0.22580645161290322,0.6774193548387096,0.4129032258064516,人均资源中位,NBS省级卫生人员/机构 + 第七次人口普查人口与老龄化；人口为2020口径，资源为最新年份口径；已补省级PM2.5环境风险暴露；已接入GBD 2017中国省级四类疾病DALY率和十大风险SEV；已补GBD 2021省级NCD总负担边界字段；已接入NHC国家慢病综合防控示范区省级执行强度；已接入NHSA DRG/DIP省级政策暴露时间线种子；已补地方政策执行指标：省级评分仅纳入DRG/DIP和慢病示范区，家庭医生/分级诊疗/健康城市作为国家政策里程碑进入政策包；已补NBS 2025年鉴死亡率/城镇化/GDP OCR解释变量候选，不进入核心因果回归；已补NBS 2018-2024年鉴分省粗死亡率OCR健康结局敏感性面板，不作为强因果主结论；已补GBD2021年龄标化NCD健康结局锚点与NBS粗死亡率敏感性一致性校验；已补NBS床位/医保/财政OCR候选字段级QC但不纳入核心评分,2024,2019,7202654.0,13.52,9.62,True,111.7643579713811,692.2448308637345,0.45161290322580644,0.3870967741935484,0.16129032258064516,相对均衡观察型,2024,35.469741887875124,34.86684931506851,34.86684931506851,5.0,ScienceDB city PM2.5 aggregated with 2020 prefecture-city population weights where matched; falls back to city mean if unmatched.,0.6774193548387096,ScienceDB 342-city PM2.5 + leiii/census 2020 prefecture-city population weights,https://www.scidb.cn/en/detail?dataSetId=84279e24dec04d4ba68c1fadb70ff1ce ; https://github.com/leiii/census,True,0.25604838709677413,省级压力低位,优先联动PM2.5治理、心肺慢病筛查和老龄高风险人群防护,2017,4695.85,1241.66,3230.94,769.33,2017,6.54,47.92,7.59,1.24,7.01,41.54,10.08,2021,621.7,-42.4,19537.6,-37.7,0.25806451612903225,0.3870967741935484,0.1935483870967742,0.03225806451612903,0.4838709677419355,0.3548387096774194,0.8387096774193549,0.06451612903225806,0.2903225806451613,0.22580645161290322,0.25806451612903225,0.21774193548387094,0.3594470046082949,0.25604838709677413,0.4129032258064516,-0.15685483870967748,0.25806451612903225,低压低响应型,"吸烟(7.6,P84) / 高收缩压(6.5,P48) / PM2.5(47.9,P35)",心血管疾病(4695.9) / 肿瘤(3230.9) / 慢性呼吸系统疾病(1241.7),True,True,True,0.6129032258064516,0.0,2.0,2.0,False,True,2020,0.49,中政策暴露,True,该省存在DRG或DIP国家试点城市，可作为省级D层政策暴露时间线种子。,NHSA DRG 2019国家试点名单 + NHSA DIP 2020国家试点名单,该表只刻画政策暴露/先行试点，不估计政策对健康结果的省级因果效应。,0.49,0.382,中政策暴露；慢病政策执行低位,5,2,6.941885588284541,0.25,慢病政策执行低位,D层政策暴露中位,0.382,地方政策执行中位,2,3,True,True,True,家庭医生签约、分级诊疗、健康促进/健康城市已补国家级政策里程碑；因缺统一省级执行强度，不进入省级差异评分，只进入政策包解释。,provincial_scored_for_payment_and_chronic_national_milestones_for_policy_package,省级可计分政策执行仅使用NHSA DRG/DIP和NHC慢病示范区；家庭医生、分级诊疗、健康城市作为国家级政策菜单，不伪装成省级强弱差异。,True,10.97,6.45,4.52,False,68.22,5502.8,5,0.9,supplemental_explanatory_candidate_not_used_for_core_causal_claim,来自国家统计局2025年鉴静态图片的macOS Vision OCR候选字段；可用于解释省级经济、城镇化和人口压力差异，不进入健康结果因果主回归，需人工复核后才能作为硬数值。,True,0.6774193548387096,0.0967741935483871,2024,6.45,-0.1399999999999996,10.97,4.52,True,https://www.stats.gov.cn/sj/ndsj/2025/html/C02-07.jpg,NBS 2025年鉴OCR候选经中英文表回退和算术校正；粗死亡率只作为健康结局敏感性/边界检验。,6,2018;2019;2021;2022;2023;2024,5,True,9937.78,0.1935483870967742,0.6129032258064516,0.5806451612903226,0.4193548387096774,freshness_boundary_bridge_available,freshness_bridge_not_same_cause_replacement,GBD2021省级NCD总负担用于新鲜度桥接；核心四病种/风险SEV仍保持GBD2017同构口径。,True,0.5016129032258065,NCD健康结局中位锚点,0.7311827956989247,中一致性,0.2258064516129032,0.2258064516129032,0.91,age_standardized_ncd_anchor_plus_crude_mortality_sensitivity,GBD2021提供省级NCD年龄标化死亡率/DALY率健康结局锚点，NBS提供多年全因粗死亡率敏感性；该表用于中国A/D层健康结局校准和答辩边界，不构成省级政策降低死亡率或DALY的强因果面板。,True,9.54,20.22,665.9,173.8,126.0,9,0.7777777777777778,supplemental_candidate_not_used_in_core_score,由macOS Vision OCR从国家统计局年鉴静态图片抽取，作为C层增强候选；不进入主评分，需人工复核后才能作为硬数值。,True,5,True,True,True,True,True,False,field_level_reviewed_high_confidence,OCR候选已完成字段级机器复核；通过QC的字段可作为补充解释，未通过字段不得进入核心C层评分。
安徽省,2024,32635.0,59.9,45.46,26435.0,0.31764188297404305,0.23453754492150547,0.7096774193548387,0.5483870967741935,0.9354838709677419,1.0,0.36451612903225805,人均资源中位,NBS省级卫生人员/机构 + 第七次人口普查人口与老龄化；人口为2020口径，资源为最新年份口径；已补省级PM2.5环境风险暴露；已接入GBD 2017中国省级四类疾病DALY率和十大风险SEV；已补GBD 2021省级NCD总负担边界字段；已接入NHC国家慢病综合防控示范区省级执行强度；已接入NHSA DRG/DIP省级政策暴露时间线种子；已补地方政策执行指标：省级评分仅纳入DRG/DIP和慢病示范区，家庭医生/分级诊疗/健康城市作为国家政策里程碑进入政策包；已补NBS 2025年鉴死亡率/城镇化/GDP OCR解释变量候选，不进入核心因果回归；已补NBS 2018-2024年鉴分省粗死亡率OCR健康结局敏感性面板，不作为强因果主结论；已补GBD2021年龄标化NCD健康结局锚点与NBS粗死亡率敏感性一致性校验；已补NBS床位/医保/财政OCR候选字段级QC但不纳入核心评分,2024,2019,61027171.0,18.79,15.01,True,98.15300139015129,534.7618030663751,0.06451612903225806,0.1935483870967742,0.7419354838709677,相对均衡观察型,2024,36.4462661147424,35.2429794520548,35.2429794520548,16.0,ScienceDB city PM2.5 aggregated with 2020 prefecture-city population weights where matched; falls back to city mean if unmatched.,0.7741935483870968,ScienceDB 342-city PM2.5 + leiii/census 2020 prefecture-city population weights,https://www.scidb.cn/en/detail?dataSetId=84279e24dec04d4ba68c1fadb70ff1ce ; https://github.com/leiii/census,True,0.6125,省级压力中位,优先联动PM2.5治理、心肺慢病筛查和老龄高风险人群防护,2017,6068.73,1509.86,5068.22,1019.16,2017,6.45,53.85,7.33,1.5,9.32,48.84,10.43,2021,541.2,-48.9,17889.9,-40.8,0.5161290322580645,0.5483870967741935,0.8064516129032258,0.41935483870967744,0.3870967741935484,0.6129032258064516,0.8064516129032258,0.5161290322580645,0.5483870967741935,0.8709677419354839,0.3870967741935484,0.5725806451612903,0.5898617511520737,0.6125,0.36451612903225805,0.247983870967742,0.8064516129032258,低压低响应型,"高钠饮食(48.8,P87) / 吸烟(7.3,P81) / PM2.5(53.9,P61)",心血管疾病(6068.7) / 肿瘤(5068.2) / 慢性呼吸系统疾病(1509.9),True,True,True,0.25806451612903225,1.0,6.0,7.0,True,True,2019,1.0,高政策暴露,True,该省存在DRG或DIP国家试点城市，可作为省级D层政策暴露时间线种子。,NHSA DRG 2019国家试点名单 + NHSA DIP 2020国家试点名单,该表只刻画政策暴露/先行试点，不估计政策对健康结果的省级因果效应。,1.0,0.8018548387096776,高政策暴露；慢病政策执行中位,16,7,2.6217830087519545,0.5596774193548388,慢病政策执行中位,D层政策暴露高位,0.8018548387096776,地方政策执行高位,2,3,True,True,True,家庭医生签约、分级诊疗、健康促进/健康城市已补国家级政策里程碑；因缺统一省级执行强度，不进入省级差异评分，只进入政策包解释。,provincial_scored_for_payment_and_chronic_national_milestones_for_policy_package,省级可计分政策执行仅使用NHSA DRG/DIP和NHC慢病示范区；家庭医生、分级诊疗、健康城市作为国家级政策菜单，不伪装成省级强弱差异。,True,6.17,8.41,-2.24,False,62.57,50625.2,5,0.52,supplemental_explanatory_candidate_not_used_for_core_causal_claim,来自国家统计局2025年鉴静态图片的macOS Vision OCR候选字段；可用于解释省级经济、城镇化和人口压力差异，不进入健康结果因果主回归，需人工复核后才能作为硬数值。,True,0.3225806451612903,0.6774193548387096,2024,8.41,-0.1500000000000003,6.17,-2.24,True,https://www.stats.gov.cn/sj/ndsj/2025/html/C02-07.jpg,NBS 2025年鉴OCR候选经中英文表回退和算术校正；粗死亡率只作为健康结局敏感性/边界检验。,6,2018;2019;2021;2022;2023;2024,6,True,13665.97,0.6129032258064516,0.2580645161290322,0.2903225806451613,-0.3548387096774194,freshness_boundary_bridge_available,freshness_bridge_not_same_cause_replacement,GBD2021省级NCD总负担用于新鲜度桥接；核心四病种/风险SEV仍保持GBD2017同构口径。,True,0.3661290322580645,NCD健康结局中位锚点,0.7204301075268817,中一致性,0.7096774193548387,0.6774193548387096,2.45,age_standardized_ncd_anchor_plus_crude_mortality_sensitivity,GBD2021提供省级NCD年龄标化死亡率/DALY率健康结局锚点，NBS提供多年全因粗死亡率敏感性；该表用于中国A/D层健康结局校准和答辩边界，不构成省级政策降低死亡率或DALY的强因果面板。,True,8.48,44.9,6252.3,1116.6,932.6,9,0.7777777777777778,supplemental_candidate_not_used_in_core_score,由macOS Vision OCR从国家统计局年鉴静态图片抽取，作为C层增强候选；不进入主评分，需人工复核后才能作为硬数值。,True,5,True,True,True,True,True,False,field_level_reviewed_high_confidence,OCR候选已完成字段级机器复核；通过QC的字段可作为补充解释，未通过字段不得进入核心C层评分。
山东省,2024,90070.0,118.16,100.06,83616.0,0.18089146512092746,0.07718618446230385,0.967741935483871,0.967741935483871,0.2903225806451613,0.3548387096774194,0.5612903225806453,人均资源中位,NBS省级卫生人员/机构 + 第七次人口普查人口与老龄化；人口为2020口径，资源为最新年份口径；已补省级PM2.5环境风险暴露；已接入GBD 2017中国省级四类疾病DALY率和十大风险SEV；已补GBD 2021省级NCD总负担边界字段；已接入NHC国家慢病综合防控示范区省级执行强度；已接入NHSA DRG/DIP省级政策暴露时间线种子；已补地方政策执行指标：省级评分仅纳入DRG/DIP和慢病示范区，家庭医生/分级诊疗/健康城市作为国家政策里程碑进入政策包；已补NBS 2025年鉴死亡率/城镇化/GDP OCR解释变量候选，不进入核心因果回归；已补NBS 2018-2024年鉴分省粗死亡率OCR健康结局敏感性面板，不作为强因果主结论；已补GBD2021年龄标化NCD健康结局锚点与NBS粗死亡率敏感性一致性校验；已补NBS床位/医保/财政OCR候选字段级QC但不纳入核心评分,2024,2019,101527453.0,20.9,15.13,True,116.38231484049935,887.1492127355939,0.6451612903225806,0.7096774193548387,0.7741935483870968,相对均衡观察型,2024,36.067648062030635,35.55068493150685,35.55068493150685,16.0,ScienceDB city PM2.5 aggregated with 2020 prefecture-city population weights where matched; falls back to city mean if unmatched.,0.7096774193548387,ScienceDB 342-city PM2.5 + leiii/census 2020 prefecture-city population weights,https://www.scidb.cn/en/detail?dataSetId=84279e24dec04d4ba68c1fadb70ff1ce ; https://github.com/leiii/census,True,0.6689516129032258,省级压力高位,优先联动PM2.5治理、心肺慢病筛查和老龄高风险人群防护,2017,6644.52,1544.62,5135.99,940.37,2017,6.85,68.61,6.57,1.54,11.62,50.21,11.93,2021,522.7,-39.3,17782.8,-30.8,0.7096774193548387,0.5806451612903226,0.8387096774193549,0.16129032258064516,0.7419354838709677,0.8709677419354839,0.3870967741935484,0.5806451612903226,0.9032258064516129,0.9032258064516129,0.7419354838709677,0.5725806451612904,0.7327188940092165,0.6689516129032258,0.5612903225806453,0.10766129032258054,0.7419354838709677,高压高响应型,"高BMI(11.6,P90) / 高钠饮食(50.2,P90) / PM2.5(68.6,P87)",心血管疾病(6644.5) / 肿瘤(5136.0) / 慢性呼吸系统疾病(1544.6),True,True,True,0.22580645161290322,1.0,7.0,8.0,True,True,2019,1.0,高政策暴露,True,该省存在DRG或DIP国家试点城市，可作为省级D层政策暴露时间线种子。,NHSA DRG 2019国家试点名单 + NHSA DIP 2020国家试点名单,该表只刻画政策暴露/先行试点，不估计政策对健康结果的省级因果效应。,1.0,0.8991129032258065,高政策暴露；慢病政策执行高位,26,11,2.5608837050211433,0.7758064516129033,慢病政策执行高位,D层政策暴露高位,0.8991129032258065,地方政策执行高位,2,3,True,True,True,家庭医生签约、分级诊疗、健康促进/健康城市已补国家级政策里程碑；因缺统一省级执行强度，不进入省级差异评分，只进入政策包解释。,provincial_scored_for_payment_and_chronic_national_milestones_for_policy_package,省级可计分政策执行仅使用NHSA DRG/DIP和NHC慢病示范区；家庭医生、分级诊疗、健康城市作为国家级政策菜单，不伪装成省级强弱差异。,True,6.42,8.09,-1.67,False,66.48,98565.8,5,0.76,supplemental_explanatory_candidate_not_used_for_core_causal_claim,来自国家统计局2025年鉴静态图片的macOS Vision OCR候选字段；可用于解释省级经济、城镇化和人口压力差异，不进入健康结果因果主回归，需人工复核后才能作为硬数值。,True,0.6129032258064516,0.9354838709677419,2024,8.09,-0.0999999999999996,6.42,-1.67,True,https://www.stats.gov.cn/sj/ndsj/2025/html/C02-07.jpg,NBS 2025年鉴OCR候选经中英文表回退和算术校正；粗死亡率只作为健康结局敏感性/边界检验。,6,2018;2019;2021;2022;2023;2024,6,True,14265.5,0.7419354838709677,0.2258064516129032,0.2258064516129032,-0.5161290322580645,freshness_boundary_bridge_available,freshness_bridge_not_same_cause_replacement,GBD2021省级NCD总负担用于新鲜度桥接；核心四病种/风险SEV仍保持GBD2017同构口径。,True,0.3387096774193548,NCD健康结局中位锚点,0.6827956989247312,中一致性,0.5806451612903226,0.7419354838709677,0.91,age_standardized_ncd_anchor_plus_crude_mortality_sensitivity,GBD2021提供省级NCD年龄标化死亡率/DALY率健康结局锚点，NBS提供多年全因粗死亡率敏感性；该表用于中国A/D层健康结局校准和答辩边界，不构成省级政策降低死亡率或DALY的强因果面板。,True,9.14,76.1,9588.3,2262.5,2059.2,9,0.9444444444444444,supplemental_candidate_not_used_in_core_score,由macOS Vision OCR从国家统计局年鉴静态图片抽取，作为C层增强候选；不进入主评分，需人工复核后才能作为硬数值。,True,5,True,True,True,True,True,False,field_level_reviewed_high_confidence,OCR候选已完成字段级机器复核；通过QC的字段可作为补充解释，未通过字段不得进入核心C层评分。
山西省,2024,38415.0,39.25,34.17,42162.0,0.1486684225929178,-0.08887149565959873,0.41935483870967744,0.6774193548387096,0.12903225806451613,0.06451612903225806,0.45967741935483875,人均资源中位,NBS省级卫生人员/机构 + 第七次人口普查人口与老龄化；人口为2020口径，资源为最新年份口径；已补省级PM2.5环境风险暴露；已接入GBD 2017中国省级四类疾病DALY率和十大风险SEV；已补GBD 2021省级NCD总负担边界字段；已接入NHC国家慢病综合防控示范区省级执行强度；已接入NHSA DRG/DIP省级政策暴露时间线种子；已补地方政策执行指标：省级评分仅纳入DRG/DIP和慢病示范区，家庭医生/分级诊疗/健康城市作为国家政策里程碑进入政策包；已补NBS 2025年鉴死亡率/城镇化/GDP OCR解释变量候选，不进入核心因果回归；已补NBS 2018-2024年鉴分省粗死亡率OCR健康结局敏感性面板，不作为强因果主结论；已补GBD2021年龄标化NCD健康结局锚点与NBS粗死亡率敏感性一致性校验；已补NBS床位/医保/财政OCR候选字段级QC但不纳入核心评分,2024,2019,34915616.0,18.92,12.9,True,112.41388380488547,1100.2240372903632,0.4838709677419355,0.8387096774193549,0.41935483870967744,相对均衡观察型,2024,37.42379819594856,36.71332503113324,36.71332503113324,11.0,ScienceDB city PM2.5 aggregated with 2020 prefecture-city population weights where matched; falls back to city mean if unmatched.,0.8064516129032258,ScienceDB 342-city PM2.5 + leiii/census 2020 prefecture-city population weights,https://www.scidb.cn/en/detail?dataSetId=84279e24dec04d4ba68c1fadb70ff1ce ; https://github.com/leiii/census,True,0.4423387096774194,省级压力中位,优先联动PM2.5治理、心肺慢病筛查和老龄高风险人群防护,2017,5660.24,1055.81,3733.55,984.79,2017,7.74,55.69,6.65,1.81,10.73,46.99,10.37,2021,612.8,-39.3,19385.5,-33.7,0.3548387096774194,0.16129032258064516,0.3548387096774194,0.3225806451612903,0.9032258064516129,0.6451612903225806,0.45161290322580644,0.7741935483870968,0.7419354838709677,0.6129032258064516,0.3548387096774194,0.29838709677419356,0.6405529953917052,0.4423387096774194,0.45967741935483875,-0.01733870967741935,0.5806451612903226,低压低响应型,"高收缩压(7.7,P90) / 高血糖(1.8,P77) / 高BMI(10.7,P74)",心血管疾病(5660.2) / 肿瘤(3733.6) / 慢性呼吸系统疾病(1055.8),True,True,True,0.5483870967741935,1.0,1.0,2.0,True,True,2019,0.94,高政策暴露,True,该省存在DRG或DIP国家试点城市，可作为省级D层政策暴露时间线种子。,NHSA DRG 2019国家试点名单 + NHSA DIP 2020国家试点名单,该表只刻画政策暴露/先行试点，不估计政策对健康结果的省级因果效应。,0.94,0.8189354838709678,高政策暴露；慢病政策执行高位,15,9,4.296071992543394,0.670967741935484,慢病政策执行高位,D层政策暴露高位,0.8189354838709678,地方政策执行高位,2,3,True,True,True,家庭医生签约、分级诊疗、健康促进/健康城市已补国家级政策里程碑；因缺统一省级执行强度，不进入省级差异评分，只进入政策包解释。,provincial_scored_for_payment_and_chronic_national_milestones_for_policy_package,省级可计分政策执行仅使用NHSA DRG/DIP和NHC慢病示范区；家庭医生、分级诊疗、健康城市作为国家级政策菜单，不伪装成省级强弱差异。,True,6.94,8.33,-1.39,False,66.32,25494.7,5,0.9,supplemental_explanatory_candidate_not_used_for_core_causal_claim,来自国家统计局2025年鉴静态图片的macOS Vision OCR候选字段；可用于解释省级经济、城镇化和人口压力差异，不进入健康结果因果主回归，需人工复核后才能作为硬数值。,True,0.5483870967741935,0.3548387096774194,2024,8.33,-0.0500000000000007,6.94,-1.39,True,https://www.stats.gov.cn/sj/ndsj/2025/html/C02-07.jpg,NBS 2025年鉴OCR候选经中英文表回退和算术校正；粗死亡率只作为健康结局敏感性/边界检验。,6,2018;2019;2021;2022;2023;2024,6,True,11434.39,0.2903225806451613,0.5483870967741935,0.5161290322580645,0.2580645161290322,freshness_boundary_bridge_available,freshness_bridge_not_same_cause_replacement,GBD2021省级NCD总负担用于新鲜度桥接；核心四病种/风险SEV仍保持GBD2017同构口径。,True,0.5096774193548388,NCD健康结局中位锚点,0.8172043010752689,高一致性,0.6451612903225806,0.4838709677419355,3.01,age_standardized_ncd_anchor_plus_crude_mortality_sensitivity,GBD2021提供省级NCD年龄标化死亡率/DALY率健康结局锚点，NBS提供多年全因粗死亡率敏感性；该表用于中国A/D层健康结局校准和答辩边界，不构成省级政策降低死亡率或DALY的强因果面板。,True,9.22,22.99,3157.6,676.1,563.1,9,0.5666666666666667,supplemental_candidate_not_used_in_core_score,由macOS Vision OCR从国家统计局年鉴静态图片抽取，作为C层增强候选；不进入主评分，需人工复核后才能作为硬数值。,True,4,False,True,True,True,True,True,field_level_reviewed_high_confidence,OCR候选已完成字段级机器复核；通过QC的字段可作为补充解释，未通过字段不得进入核心C层评分。
广东省,2024,66125.0,120.25,96.19,53900.0,0.2501299511383721,0.22680890538033394,1.0,0.8709677419354839,0.6451612903225806,0.967741935483871,0.2806451612903226,人均资源低位,NBS省级卫生人员/机构 + 第七次人口普查人口与老龄化；人口为2020口径，资源为最新年份口径；已补省级PM2.5环境风险暴露；已接入GBD 2017中国省级四类疾病DALY率和十大风险SEV；已补GBD 2021省级NCD总负担边界字段；已接入NHC国家慢病综合防控示范区省级执行强度；已接入NHSA DRG/DIP省级政策暴露时间线种子；已补地方政策执行指标：省级评分仅纳入DRG/DIP和慢病示范区，家庭医生/分级诊疗/健康城市作为国家政策里程碑进入政策包；已补NBS 2025年鉴死亡率/城镇化/GDP OCR解释变量候选，不进入核心因果回归；已补NBS 2018-2024年鉴分省粗死亡率OCR健康结局敏感性面板，不作为强因果主结论；已补GBD2021年龄标化NCD健康结局锚点与NBS粗死亡率敏感性一致性校验；已补NBS床位/医保/财政OCR候选字段级QC但不纳入核心评分,2024,2019,126012510.0,12.35,8.58,True,95.42703339533512,524.7494871739322,0.03225806451612903,0.16129032258064516,0.0967741935483871,年轻结构资源短板型,2024,20.039196928026684,20.168819308545338,20.168819308545338,21.0,ScienceDB city PM2.5 aggregated with 2020 prefecture-city population weights where matched; falls back to city mean if unmatched.,0.16129032258064516,ScienceDB 342-city PM2.5 + leiii/census 2020 prefecture-city population weights,https://www.scidb.cn/en/detail?dataSetId=84279e24dec04d4ba68c1fadb70ff1ce ; https://github.com/leiii/census,True,0.2870967741935484,省级压力低位,,2017,3498.01,1156.32,3453.24,919.95,2017,5.97,51.19,6.64,1.99,8.37,43.28,12.21,2021,493.2,-45.9,16970.6,-36.4,0.16129032258064516,0.22580645161290322,0.25806451612903225,0.12903225806451613,0.1935483870967742,0.4838709677419355,0.41935483870967744,0.9354838709677419,0.4838709677419355,0.3225806451612903,0.7741935483870968,0.1935483870967742,0.5161290322580646,0.2870967741935484,0.2806451612903226,0.006451612903225823,0.6129032258064516,低压低响应型,"高血糖(2.0,P94) / 饮酒(12.2,P77) / PM2.5(51.2,P48)",心血管疾病(3498.0) / 肿瘤(3453.2) / 慢性呼吸系统疾病(1156.3),True,True,True,0.1935483870967742,1.0,5.0,6.0,True,True,2019,1.0,高政策暴露,True,该省存在DRG或DIP国家试点城市，可作为省级D层政策暴露时间线种子。,NHSA DRG 2019国家试点名单 + NHSA DIP 2020国家试点名单,该表只刻画政策暴露/先行试点，不估计政策对健康结果的省级因果效应。,1.0,0.8356048387096775,高政策暴露；慢病政策执行中位,19,11,1.507786806246459,0.6346774193548388,慢病政策执行中位,D层政策暴露高位,0.8356048387096775,地方政策执行高位,2,3,True,True,True,家庭医生签约、分级诊疗、健康促进/健康城市已补国家级政策里程碑；因缺统一省级执行强度，不进入省级差异评分，只进入政策包解释。,provincial_scored_for_payment_and_chronic_national_milestones_for_policy_package,省级可计分政策执行仅使用NHSA DRG/DIP和NHC慢病示范区；家庭医生、分级诊疗、健康城市作为国家级政策菜单，不伪装成省级强弱差异。,True,8.89,5.2,3.69,False,75.91,141633.8,5,0.9,supplemental_explanatory_candidate_not_used_for_core_causal_claim,来自国家统计局2025年鉴静态图片的macOS Vision OCR候选字段；可用于解释省级经济、城镇化和人口压力差异，不进入健康结果因果主回归，需人工复核后才能作为硬数值。,True,0.9032258064516129,1.0,2024,5.2,-0.1600000000000001,8.89,3.69,True,https://www.stats.gov.cn/sj/ndsj/2025/html/C02-07.jpg,NBS 2025年鉴OCR候选经中英文表回退和算术校正；粗死亡率只作为健康结局敏感性/边界检验。,6,2018;2019;2021;2022;2023;2024,6,True,9027.52,0.0967741935483871,0.1935483870967742,0.1612903225806451,0.0967741935483871,freshness_boundary_bridge_available,freshness_bridge_not_same_cause_replacement,GBD2021省级NCD总负担用于新鲜度桥接；核心四病种/风险SEV仍保持GBD2017同构口径。,True,0.1532258064516129,NCD健康结局低压锚点,0.9086021505376344,高一致性,0.032258064516129,0.032258064516129,0.6500000000000004,age_standardized_ncd_anchor_plus_crude_mortality_sensitivity,GBD2021提供省级NCD年龄标化死亡率/DALY率健康结局锚点，NBS提供多年全因粗死亡率敏感性；该表用于中国A/D层健康结局校准和答辩边界，不构成省级政策降低死亡率或DALY的强因果面板。,True,9.01,64.44,11187.6,,2674.7,8,0.85,supplemental_candidate_not_used_in_core_score,由macOS Vision OCR从国家统计局年鉴静态图片抽取，作为C层增强候选；不进入主评分，需人工复核后才能作为硬数值。,True,3,True,False,True,False,True,True,field_level_reviewed_partial,OCR候选已完成字段级机器复核；通过QC的字段可作为补充解释，未通过字段不得进入核心C层评分。
广西壮族自治区,2024,34685.0,55.95,44.04,33679.0,0.27043596730245234,0.029870245553609065,0.6774193548387096,0.5806451612903226,0.7096774193548387,0.1935483870967742,0.4387096774193549,人均资源中位,NBS省级卫生人员/机构 + 第七次人口普查人口与老龄化；人口为2020口径，资源为最新年份口径；已补省级PM2.5环境风险暴露；已接入GBD 2017中国省级四类疾病DALY率和十大风险SEV；已补GBD 2021省级NCD总负担边界字段；已接入NHC国家慢病综合防控示范区省级执行强度；已接入NHSA DRG/DIP省级政策暴露时间线种子；已补地方政策执行指标：省级评分仅纳入DRG/DIP和慢病示范区，家庭医生/分级诊疗/健康城市作为国家政策里程碑进入政策包；已补NBS 2025年鉴死亡率/城镇化/GDP OCR解释变量候选，不进入核心因果回归；已补NBS 2018-2024年鉴分省粗死亡率OCR健康结局敏感性面板，不作为强因果主结论；已补GBD2021年龄标化NCD健康结局锚点与NBS粗死亡率敏感性一致性校验；已补NBS床位/医保/财政OCR候选字段级QC但不纳入核心评分,2024,2019,50126804.0,16.69,12.2,True,111.61693053480928,691.945171688983,0.41935483870967744,0.3548387096774194,0.3548387096774194,相对均衡观察型,2024,25.344253881165013,25.00352250489238,25.00352250489238,14.0,ScienceDB city PM2.5 aggregated with 2020 prefecture-city population weights where matched; falls back to city mean if unmatched.,0.25806451612903225,ScienceDB 342-city PM2.5 + leiii/census 2020 prefecture-city population weights,https://www.scidb.cn/en/detail?dataSetId=84279e24dec04d4ba68c1fadb70ff1ce ; https://github.com/leiii/census,True,0.4161290322580645,省级压力中位,,2017,6041.07,1625.49,4594.55,1088.86,2017,5.0,41.55,6.42,1.34,6.53,19.29,10.16,2021,533.3,-31.5,18853.2,-26.4,0.4838709677419355,0.6129032258064516,0.7096774193548387,0.6451612903225806,0.06451612903225806,0.25806451612903225,0.22580645161290322,0.3225806451612903,0.16129032258064516,0.03225806451612903,0.3225806451612903,0.6129032258064516,0.19815668202764974,0.4161290322580645,0.4387096774193549,-0.02258064516129038,0.5483870967741935,低压低响应型,"高血糖(1.3,P32) / 饮酒(10.2,P32) / PM2.5(41.5,P26)",心血管疾病(6041.1) / 肿瘤(4594.6) / 慢性呼吸系统疾病(1625.5),True,True,True,0.3225806451612903,1.0,0.0,1.0,True,False,2019,0.47,中政策暴露,True,该省存在DRG或DIP国家试点城市，可作为省级D层政策暴露时间线种子。,NHSA DRG 2019国家试点名单 + NHSA DIP 2020国家试点名单,该表只刻画政策暴露/先行试点，不估计政策对健康结果的省级因果效应。,0.47,0.4149112903225807,中政策暴露；慢病政策执行中位,10,7,1.9949406708634363,0.3475806451612903,慢病政策执行中位,D层政策暴露中位,0.4149112903225807,地方政策执行中位,2,3,True,True,True,家庭医生签约、分级诊疗、健康促进/健康城市已补国家级政策里程碑；因缺统一省级执行强度，不进入省级差异评分，只进入政策包解释。,provincial_scored_for_payment_and_chronic_national_milestones_for_policy_package,省级可计分政策执行仅使用NHSA DRG/DIP和NHC慢病示范区；家庭医生、分级诊疗、健康城市作为国家级政策菜单，不伪装成省级强弱差异。,True,8.37,7.49,0.88,False,57.39,28649.4,5,0.76,supplemental_explanatory_candidate_not_used_for_core_causal_claim,来自国家统计局2025年鉴静态图片的macOS Vision OCR候选字段；可用于解释省级经济、城镇化和人口压力差异，不进入健康结果因果主回归，需人工复核后才能作为硬数值。,True,0.16129032258064516,0.41935483870967744,2024,7.49,-0.1299999999999999,8.37,0.88,True,https://www.stats.gov.cn/sj/ndsj/2025/html/C02-07.jpg,NBS 2025年鉴OCR候选经中英文表回退和算术校正；粗死亡率只作为健康结局敏感性/边界检验。,6,2018;2019;2021;2022;2023;2024,6,True,13349.97,0.5483870967741935,0.3225806451612903,0.2580645161290322,-0.2258064516129032,freshness_boundary_bridge_available,freshness_bridge_not_same_cause_replacement,GBD2021省级NCD总负担用于新鲜度桥接；核心四病种/风险SEV仍保持GBD2017同构口径。,True,0.35,NCD健康结局中位锚点,0.8333333333333334,高一致性,0.4516129032258064,0.4193548387096774,1.5300000000000002,age_standardized_ncd_anchor_plus_crude_mortality_sensitivity,GBD2021提供省级NCD年龄标化死亡率/DALY率健康结局锚点，NBS提供多年全因粗死亡率敏感性；该表用于中国A/D层健康结局校准和答辩边界，不构成省级政策降低死亡率或DALY的强因果面板。,True,8.58,37.73,5113.7,,853.6,7,0.6428571428571429,supplemental_candidate_not_used_in_core_score,由macOS Vision OCR从国家统计局年鉴静态图片抽取，作为C层增强候选；不进入主评分，需人工复核后才能作为硬数值。,True,3,True,True,False,False,True,True,field_level_reviewed_partial,OCR候选已完成字段级机器复核；通过QC的字段可作为补充解释，未通过字段不得进入核心C层评分。
新疆维吾尔自治区,2024,19112.0,31.49,23.64,18376.0,0.3320642978003383,0.04005224205485414,0.3225806451612903,0.25806451612903225,1.0,0.22580645161290322,0.6774193548387096,人均资源高位,NBS省级卫生人员/机构 + 第七次人口普查人口与老龄化；人口为2020口径，资源为最新年份口径；已补省级PM2.5环境风险暴露；已接入GBD 2017中国省级四类疾病DALY率和十大风险SEV；已补GBD 2021省级NCD总负担边界字段；已接入NHC国家慢病综合防控示范区省级执行强度；已接入NHSA DRG/DIP省级政策暴露时间线种子；已补地方政策执行指标：省级评分仅纳入DRG/DIP和慢病示范区，家庭医生/分级诊疗/健康城市作为国家政策里程碑进入政策包；已补NBS 2025年鉴死亡率/城镇化/GDP OCR解释变量候选，不进入核心因果回归；已补NBS 2018-2024年鉴分省粗死亡率OCR健康结局敏感性面板，不作为强因果主结论；已补GBD2021年龄标化NCD健康结局锚点与NBS粗死亡率敏感性一致性校验；已补NBS床位/医保/财政OCR候选字段级QC但不纳入核心评分,2024,2019,25852345.0,11.28,7.76,True,121.80713200291888,739.2752959160958,0.7419354838709677,0.4838709677419355,0.06451612903225806,资源储备较强型,2024,46.48710692963434,41.56986301369863,41.56986301369863,12.0,ScienceDB city PM2.5 aggregated with 2020 prefecture-city population weights where matched; falls back to city mean if unmatched.,1.0,ScienceDB 342-city PM2.5 + leiii/census 2020 prefecture-city population weights,https://www.scidb.cn/en/detail?dataSetId=84279e24dec04d4ba68c1fadb70ff1ce ; https://github.com/leiii/census,True,0.46733870967741936,省级压力中位,优先联动PM2.5治理、心肺慢病筛查和老龄高风险人群防护,2017,6367.29,1994.68,3160.18,1288.47,2017,6.08,57.51,5.77,2.05,10.54,52.07,9.32,2021,653.2,-45.2,21601.3,-37.1,0.5806451612903226,0.7741935483870968,0.12903225806451613,0.9354838709677419,0.24193548387096775,0.6774193548387096,0.08064516129032258,0.967741935483871,0.6451612903225806,1.0,0.03225806451612903,0.6048387096774194,0.5207373271889401,0.46733870967741936,0.6774193548387096,-0.21008064516129027,0.16129032258064516,相对均衡型,"高钠饮食(52.1,P100) / 高血糖(2.0,P97) / PM2.5(57.5,P68)",心血管疾病(6367.3) / 肿瘤(3160.2) / 慢性呼吸系统疾病(1994.7),True,True,True,0.9032258064516129,1.0,2.0,3.0,True,True,2019,0.96,高政策暴露,True,该省存在DRG或DIP国家试点城市，可作为省级D层政策暴露时间线种子。,NHSA DRG 2019国家试点名单 + NHSA DIP 2020国家试点名单,该表只刻画政策暴露/先行试点，不估计政策对健康结果的省级因果效应。,0.96,0.6488467741935484,高政策暴露；慢病政策执行低位,8,4,3.094496843516517,0.2685483870967742,慢病政策执行低位,D层政策暴露中位,0.6488467741935484,地方政策执行中位,2,3,True,True,True,家庭医生签约、分级诊疗、健康促进/健康城市已补国家级政策里程碑；因缺统一省级执行强度，不进入省级差异评分，只进入政策包解释。,provincial_scored_for_payment_and_chronic_national_milestones_for_policy_package,省级可计分政策执行仅使用NHSA DRG/DIP和NHC慢病示范区；家庭医生、分级诊疗、健康城市作为国家级政策菜单，不伪装成省级强弱差异。,True,9.42,6.05,3.37,False,60.36,20534.1,5,0.5599999999999999,supplemental_explanatory_candidate_not_used_for_core_causal_claim,来自国家统计局2025年鉴静态图片的macOS Vision OCR候选字段；可用于解释省级经济、城镇化和人口压力差异，不进入健康结果因果主回归，需人工复核后才能作为硬数值。,True,0.25806451612903225,0.2903225806451613,2024,6.05,-0.1200000000000001,9.42,3.37,True,https://www.stats.gov.cn/sj/ndsj/2025/html/C02-07.jpg,NBS 2025年鉴OCR候选经中英文表回退和算术校正；粗死亡率只作为健康结局敏感性/边界检验。,6,2018;2019;2021;2022;2023;2024,6,True,12810.62,0.4516129032258064,0.9032258064516128,0.7096774193548387,0.4516129032258064,freshness_boundary_bridge_available,freshness_bridge_not_same_cause_replacement,GBD2021省级NCD总负担用于新鲜度桥接；核心四病种/风险SEV仍保持GBD2017同构口径。,True,0.6967741935483871,NCD健康结局高压锚点,0.553763440860215,低一致性需解释,0.0967741935483871,0.0967741935483871,1.4900000000000002,age_standardized_ncd_anchor_plus_crude_mortality_sensitivity,GBD2021提供省级NCD年龄标化死亡率/DALY率健康结局锚点，NBS提供多年全因粗死亡率敏感性；该表用于中国A/D层健康结局校准和答辩边界，不构成省级政策降低死亡率或DALY的强因果面板。,True,,,2366.9,663.4,589.9,7,0.7571428571428571,supplemental_candidate_not_used_in_core_score,由macOS Vision OCR从国家统计局年鉴静态图片抽取，作为C层增强候选；不进入主评分，需人工复核后才能作为硬数值。,True,3,False,False,True,True,True,True,field_level_reviewed_partial,OCR候选已完成字段级机器复核；通过QC的字段可作为补充解释，未通过字段不得进入核心C层评分。
江苏省,2024,41680.0,94.2,78.63,34796.0,0.19801602441816102,0.1978388320496609,0.8709677419354839,0.8064516129032258,0.3548387096774194,0.9032258064516129,0.35161290322580646,人均资源中位,NBS省级卫生人员/机构 + 第七次人口普查人口与老龄化；人口为2020口径，资源为最新年份口径；已补省级PM2.5环境风险暴露；已接入GBD 2017中国省级四类疾病DALY率和十大风险SEV；已补GBD 2021省级NCD总负担边界字段；已接入NHC国家慢病综合防控示范区省级执行强度；已接入NHSA DRG/DIP省级政策暴露时间线种子；已补地方政策执行指标：省级评分仅纳入DRG/DIP和慢病示范区，家庭医生/分级诊疗/健康城市作为国家政策里程碑进入政策包；已补NBS 2025年鉴死亡率/城镇化/GDP OCR解释变量候选，不进入核心因果回归；已补NBS 2018-2024年鉴分省粗死亡率OCR健康结局敏感性面板，不作为强因果主结论；已补GBD2021年龄标化NCD健康结局锚点与NBS粗死亡率敏感性一致性校验；已补NBS床位/医保/财政OCR候选字段级QC但不纳入核心评分,2024,2019,84748016.0,21.84,16.2,True,111.15304457392844,491.8109233377216,0.3870967741935484,0.06451612903225806,0.8709677419354839,相对均衡观察型,2024,31.759773469739564,32.23477344573236,32.23477344573236,13.0,ScienceDB city PM2.5 aggregated with 2020 prefecture-city population weights where matched; falls back to city mean if unmatched.,0.5483870967741935,ScienceDB 342-city PM2.5 + leiii/census 2020 prefecture-city population weights,https://www.scidb.cn/en/detail?dataSetId=84279e24dec04d4ba68c1fadb70ff1ce ; https://github.com/leiii/census,True,0.6915322580645161,省级压力高位,优先做慢病早筛、基层连续管理和资源短板补强,2017,4607.63,1720.18,5522.89,1079.02,2017,6.73,68.41,6.55,1.59,11.41,47.48,13.58,2021,488.5,-43.7,16179.6,-34.2,0.22580645161290322,0.6774193548387096,0.9032258064516129,0.6129032258064516,0.6129032258064516,0.8387096774193549,0.3225806451612903,0.6129032258064516,0.8709677419354839,0.7096774193548387,0.9354838709677419,0.6048387096774194,0.7004608294930875,0.6915322580645161,0.35161290322580646,0.33991935483870966,0.8709677419354839,高压低响应型,"饮酒(13.6,P94) / 高BMI(11.4,P87) / PM2.5(68.4,P84)",肿瘤(5522.9) / 心血管疾病(4607.6) / 慢性呼吸系统疾病(1720.2),True,True,True,0.12903225806451613,1.0,3.0,4.0,True,True,2019,0.98,高政策暴露,True,该省存在DRG或DIP国家试点城市，可作为省级D层政策暴露时间线种子。,NHSA DRG 2019国家试点名单 + NHSA DIP 2020国家试点名单,该表只刻画政策暴露/先行试点，不估计政策对健康结果的省级因果效应。,0.98,0.9469032258064517,高政策暴露；慢病政策执行高位,32,12,3.775899603360626,0.9064516129032258,慢病政策执行高位,D层政策暴露高位,0.9469032258064516,地方政策执行高位,2,3,True,True,True,家庭医生签约、分级诊疗、健康促进/健康城市已补国家级政策里程碑；因缺统一省级执行强度，不进入省级差异评分，只进入政策包解释。,provincial_scored_for_payment_and_chronic_national_milestones_for_policy_package,省级可计分政策执行仅使用NHSA DRG/DIP和NHC慢病示范区；家庭医生、分级诊疗、健康城市作为国家级政策菜单，不伪装成省级强弱差异。,True,4.98,7.48,-2.5,False,75.53,137008.0,5,0.6599999999999999,supplemental_explanatory_candidate_not_used_for_core_causal_claim,来自国家统计局2025年鉴静态图片的macOS Vision OCR候选字段；可用于解释省级经济、城镇化和人口压力差异，不进入健康结果因果主回归，需人工复核后才能作为硬数值。,True,0.8709677419354839,0.967741935483871,2024,7.48,-0.0699999999999994,4.98,-2.5,True,https://www.stats.gov.cn/sj/ndsj/2025/html/C02-07.jpg,NBS 2025年鉴OCR候选经中英文表回退和算术校正；粗死亡率只作为健康结局敏感性/边界检验。,6,2018;2019;2021;2022;2023;2024,6,True,12929.72,0.5161290322580645,0.1290322580645161,0.1290322580645161,-0.3870967741935484,freshness_boundary_bridge_available,freshness_bridge_not_same_cause_replacement,GBD2021省级NCD总负担用于新鲜度桥接；核心四病种/风险SEV仍保持GBD2017同构口径。,True,0.2161290322580645,NCD健康结局低压锚点,0.7580645161290323,中一致性,0.4193548387096774,0.4516129032258064,0.4500000000000002,age_standardized_ncd_anchor_plus_crude_mortality_sensitivity,GBD2021提供省级NCD年龄标化死亡率/DALY率健康结局锚点，NBS提供多年全因粗死亡率敏感性；该表用于中国A/D层健康结局校准和答辩边界，不构成省级政策降低死亡率或DALY的强因果面板。,True,9.15,60.41,8139.1,2735.0,2491.7,9,0.7555555555555555,supplemental_candidate_not_used_in_core_score,由macOS Vision OCR从国家统计局年鉴静态图片抽取，作为C层增强候选；不进入主评分，需人工复核后才能作为硬数值。,True,5,True,True,True,True,True,False,field_level_reviewed_high_confidence,OCR候选已完成字段级机器复核；通过QC的字段可作为补充解释，未通过字段不得进入核心C层评分。
江西省,2024,39392.0,45.97,34.83,37029.0,0.31983921906402535,0.06381484782197733,0.5483870967741935,0.7419354838709677,0.967741935483871,0.3225806451612903,0.4370967741935484,人均资源中位,NBS省级卫生人员/机构 + 第七次人口普查人口与老龄化；人口为2020口径，资源为最新年份口径；已补省级PM2.5环境风险暴露；已接入GBD 2017中国省级四类疾病DALY率和十大风险SEV；已补GBD 2021省级NCD总负担边界字段；已接入NHC国家慢病综合防控示范区省级执行强度；已接入NHSA DRG/DIP省级政策暴露时间线种子；已补地方政策执行指标：省级评分仅纳入DRG/DIP和慢病示范区，家庭医生/分级诊疗/健康城市作为国家政策里程碑进入政策包；已补NBS 2025年鉴死亡率/城镇化/GDP OCR解释变量候选，不进入核心因果回归；已补NBS 2018-2024年鉴分省粗死亡率OCR健康结局敏感性面板，不作为强因果主结论；已补GBD2021年龄标化NCD健康结局锚点与NBS粗死亡率敏感性一致性校验；已补NBS床位/医保/财政OCR候选字段级QC但不纳入核心评分,2024,2019,45188635.0,16.87,11.89,True,101.72911839448128,871.7236092659139,0.12903225806451613,0.6129032258064516,0.3225806451612903,相对均衡观察型,2024,26.261143368678045,26.59103362391032,26.59103362391032,11.0,ScienceDB city PM2.5 aggregated with 2020 prefecture-city population weights where matched; falls back to city mean if unmatched.,0.3225806451612903,ScienceDB 342-city PM2.5 + leiii/census 2020 prefecture-city population weights,https://www.scidb.cn/en/detail?dataSetId=84279e24dec04d4ba68c1fadb70ff1ce ; https://github.com/leiii/census,True,0.3560483870967742,省级压力中位,,2017,4978.22,1644.92,3792.17,945.36,2017,5.65,40.09,7.05,1.27,6.74,47.36,9.87,2021,576.9,-56.0,18461.0,-48.7,0.2903225806451613,0.6451612903225806,0.41935483870967744,0.22580645161290322,0.16129032258064516,0.1935483870967742,0.6612903225806451,0.1774193548387097,0.20967741935483872,0.6451612903225806,0.22580645161290322,0.3951612903225807,0.3248847926267281,0.3560483870967742,0.4370967741935484,-0.0810483870967742,0.45161290322580644,低压低响应型,"吸烟(7.0,P66) / 高钠饮食(47.4,P65) / 饮酒(9.9,P23)",心血管疾病(4978.2) / 肿瘤(3792.2) / 慢性呼吸系统疾病(1644.9),True,True,True,0.2903225806451613,1.0,3.0,4.0,True,True,2019,0.98,高政策暴露,True,该省存在DRG或DIP国家试点城市，可作为省级D层政策暴露时间线种子。,NHSA DRG 2019国家试点名单 + NHSA DIP 2020国家试点名单,该表只刻画政策暴露/先行试点，不估计政策对健康结果的省级因果效应。,0.98,0.7799677419354839,高政策暴露；慢病政策执行中位,14,8,3.0981241190401083,0.5354838709677419,慢病政策执行中位,D层政策暴露高位,0.7799677419354839,地方政策执行高位,2,3,True,True,True,家庭医生签约、分级诊疗、健康促进/健康城市已补国家级政策里程碑；因缺统一省级执行强度，不进入省级差异评分，只进入政策包解释。,provincial_scored_for_payment_and_chronic_national_milestones_for_policy_package,省级可计分政策执行仅使用NHSA DRG/DIP和NHC慢病示范区；家庭医生、分级诊疗、健康城市作为国家级政策菜单，不伪装成省级强弱差异。,True,6.65,7.23,-0.58,False,63.77,34202.5,5,0.76,supplemental_explanatory_candidate_not_used_for_core_causal_claim,来自国家统计局2025年鉴静态图片的macOS Vision OCR候选字段；可用于解释省级经济、城镇化和人口压力差异，不进入健康结果因果主回归，需人工复核后才能作为硬数值。,True,0.41935483870967744,0.5483870967741935,2024,7.23,-0.1299999999999999,6.65,-0.58,True,https://www.stats.gov.cn/sj/ndsj/2025/html/C02-07.jpg,NBS 2025年鉴OCR候选经中英文表回退和算术校正；粗死亡率只作为健康结局敏感性/边界检验。,6,2018;2019;2021;2022;2023;2024,6,True,11360.67,0.2580645161290322,0.2903225806451613,0.3225806451612903,0.032258064516129,freshness_boundary_bridge_available,freshness_bridge_not_same_cause_replacement,GBD2021省级NCD总负担用于新鲜度桥接；核心四病种/风险SEV仍保持GBD2017同构口径。,True,0.3016129032258064,NCD健康结局低压锚点,0.946236559139785,高一致性,0.3548387096774194,0.3548387096774194,1.1700000000000008,age_standardized_ncd_anchor_plus_crude_mortality_sensitivity,GBD2021提供省级NCD年龄标化死亡率/DALY率健康结局锚点，NBS提供多年全因粗死亡率敏感性；该表用于中国A/D层健康结局校准和答辩边界，不构成省级政策降低死亡率或DALY的强因果面板。,True,9.78,34.05,4487.1,768.1,711.6,9,0.8111111111111111,supplemental_candidate_not_used_in_core_score,由macOS Vision OCR从国家统计局年鉴静态图片抽取，作为C层增强候选；不进入主评分，需人工复核后才能作为硬数值。,True,4,True,False,True,True,True,True,field_level_reviewed_high_confidence,OCR候选已完成字段级机器复核；通过QC的字段可作为补充解释，未通过字段不得进入核心C层评分。
河北省,2024,93648.0,84.26,64.72,84651.0,0.3019159456118665,0.10628344614948437,0.8387096774193549,1.0,0.8709677419354839,0.6129032258064516,0.7241935483870967,人均资源高位,NBS省级卫生人员/机构 + 第七次人口普查人口与老龄化；人口为2020口径，资源为最新年份口径；已补省级PM2.5环境风险暴露；已接入GBD 2017中国省级四类疾病DALY率和十大风险SEV；已补GBD 2021省级NCD总负担边界字段；已接入NHC国家慢病综合防控示范区省级执行强度；已接入NHSA DRG/DIP省级政策暴露时间线种子；已补地方政策执行指标：省级评分仅纳入DRG/DIP和慢病示范区，家庭医生/分级诊疗/健康城市作为国家政策里程碑进入政策包；已补NBS 2025年鉴死亡率/城镇化/GDP OCR解释变量候选，不进入核心因果回归；已补NBS 2018-2024年鉴分省粗死亡率OCR健康结局敏感性面板，不作为强因果主结论；已补GBD2021年龄标化NCD健康结局锚点与NBS粗死亡率敏感性一致性校验；已补NBS床位/医保/财政OCR候选字段级QC但不纳入核心评分,2024,2019,74610235.0,19.85,13.92,True,112.93356735841938,1255.162914310617,0.5483870967741935,0.967741935483871,0.6129032258064516,资源储备较强型,2024,40.0679125326305,37.4747198007472,37.4747198007472,11.0,ScienceDB city PM2.5 aggregated with 2020 prefecture-city population weights where matched; falls back to city mean if unmatched.,0.9354838709677419,ScienceDB 342-city PM2.5 + leiii/census 2020 prefecture-city population weights,https://www.scidb.cn/en/detail?dataSetId=84279e24dec04d4ba68c1fadb70ff1ce ; https://github.com/leiii/census,True,0.6612903225806451,省级压力中位,优先联动PM2.5治理、心肺慢病筛查和老龄高风险人群防护,2017,8761.93,1236.81,4370.93,1170.07,2017,7.66,73.59,6.5,1.72,11.14,47.39,10.87,2021,684.1,-25.0,21082.6,-21.9,0.9354838709677419,0.3225806451612903,0.5806451612903226,0.8064516129032258,0.8709677419354839,0.9354838709677419,0.25806451612903225,0.7096774193548387,0.8225806451612904,0.6774193548387096,0.5483870967741935,0.6612903225806452,0.6889400921658986,0.6612903225806451,0.7241935483870967,-0.06290322580645158,0.5161290322580645,相对均衡型,"PM2.5(73.6,P94) / 高收缩压(7.7,P87) / 高BMI(11.1,P82)",心血管疾病(8761.9) / 肿瘤(4370.9) / 慢性呼吸系统疾病(1236.8),True,True,True,0.7741935483870968,1.0,4.0,5.0,True,True,2019,1.0,高政策暴露,True,该省存在DRG或DIP国家试点城市，可作为省级D层政策暴露时间线种子。,NHSA DRG 2019国家试点名单 + NHSA DIP 2020国家试点名单,该表只刻画政策暴露/先行试点，不估计政策对健康结果的省级因果效应。,1.0,0.8555645161290324,高政策暴露；慢病政策执行高位,20,10,2.68059737380535,0.6790322580645162,慢病政策执行高位,D层政策暴露高位,0.8555645161290324,地方政策执行高位,2,3,True,True,True,家庭医生签约、分级诊疗、健康促进/健康城市已补国家级政策里程碑；因缺统一省级执行强度，不进入省级差异评分，只进入政策包解释。,provincial_scored_for_payment_and_chronic_national_milestones_for_policy_package,省级可计分政策执行仅使用NHSA DRG/DIP和NHC慢病示范区；家庭医生、分级诊疗、健康城市作为国家级政策菜单，不伪装成省级强弱差异。,True,5.9,8.22,-2.32,False,63.42,47526.9,5,0.86,supplemental_explanatory_candidate_not_used_for_core_causal_claim,来自国家统计局2025年鉴静态图片的macOS Vision OCR候选字段；可用于解释省级经济、城镇化和人口压力差异，不进入健康结果因果主回归，需人工复核后才能作为硬数值。,True,0.3870967741935484,0.6129032258064516,2024,8.22,-0.1099999999999994,5.9,-2.32,True,https://www.stats.gov.cn/sj/ndsj/2025/html/C02-07.jpg,NBS 2025年鉴OCR候选经中英文表回退和算术校正；粗死亡率只作为健康结局敏感性/边界检验。,6,2018;2019;2021;2022;2023;2024,6,True,15539.74,0.8387096774193549,0.7741935483870968,0.7741935483870968,-0.0645161290322581,freshness_boundary_bridge_available,freshness_bridge_not_same_cause_replacement,GBD2021省级NCD总负担用于新鲜度桥接；核心四病种/风险SEV仍保持GBD2017同构口径。,True,0.7677419354838708,NCD健康结局高压锚点,0.8870967741935484,高一致性,0.6129032258064516,0.6451612903225806,1.8400000000000007,age_standardized_ncd_anchor_plus_crude_mortality_sensitivity,GBD2021提供省级NCD年龄标化死亡率/DALY率健康结局锚点，NBS提供多年全因粗死亡率敏感性；该表用于中国A/D层健康结局校准和答辩边界，不构成省级政策降低死亡率或DALY的强因果面板。,True,9.46,54.69,67779.0,1344.7,1163.8,9,0.8888888888888888,supplemental_candidate_not_used_in_core_score,由macOS Vision OCR从国家统计局年鉴静态图片抽取，作为C层增强候选；不进入主评分，需人工复核后才能作为硬数值。,True,4,True,True,False,True,True,True,field_level_reviewed_high_confidence,OCR候选已完成字段级机器复核；通过QC的字段可作为补充解释，未通过字段不得进入核心C层评分。
河南省,2024,86702.0,109.55,88.78,70734.0,0.23394908763234956,0.22574716543670648,0.9354838709677419,0.9354838709677419,0.5483870967741935,0.9354838709677419,0.532258064516129,人均资源中位,NBS省级卫生人员/机构 + 第七次人口普查人口与老龄化；人口为2020口径，资源为最新年份口径；已补省级PM2.5环境风险暴露；已接入GBD 2017中国省级四类疾病DALY率和十大风险SEV；已补GBD 2021省级NCD总负担边界字段；已接入NHC国家慢病综合防控示范区省级执行强度；已接入NHSA DRG/DIP省级政策暴露时间线种子；已补地方政策执行指标：省级评分仅纳入DRG/DIP和慢病示范区，家庭医生/分级诊疗/健康城市作为国家政策里程碑进入政策包；已补NBS 2025年鉴死亡率/城镇化/GDP OCR解释变量候选，不进入核心因果回归；已补NBS 2018-2024年鉴分省粗死亡率OCR健康结局敏感性面板，不作为强因果主结论；已补GBD2021年龄标化NCD健康结局锚点与NBS粗死亡率敏感性一致性校验；已补NBS床位/医保/财政OCR候选字段级QC但不纳入核心评分,2024,2019,99365519.0,18.08,13.49,True,110.24951220754957,872.5562033244147,0.3548387096774194,0.6774193548387096,0.5806451612903226,相对均衡观察型,2024,46.3081696749895,46.64448025785656,46.64448025785656,17.0,ScienceDB city PM2.5 aggregated with 2020 prefecture-city population weights where matched; falls back to city mean if unmatched.,0.967741935483871,ScienceDB 342-city PM2.5 + leiii/census 2020 prefecture-city population weights,https://www.scidb.cn/en/detail?dataSetId=84279e24dec04d4ba68c1fadb70ff1ce ; https://github.com/leiii/census,True,0.5919354838709678,省级压力中位,优先联动PM2.5治理、心肺慢病筛查和老龄高风险人群防护,2017,7625.16,1325.57,4433.12,1007.54,2017,6.81,65.37,6.51,1.49,10.83,47.95,10.56,2021,606.7,-30.7,19365.1,-28.1,0.8709677419354839,0.45161290322580644,0.6129032258064516,0.3870967741935484,0.6774193548387096,0.8064516129032258,0.2903225806451613,0.4838709677419355,0.7741935483870968,0.7741935483870968,0.4838709677419355,0.5806451612903226,0.6129032258064517,0.5919354838709678,0.532258064516129,0.059677419354838834,0.6774193548387096,相对均衡型,"PM2.5(65.4,P81) / 高BMI(10.8,P77) / 高钠饮食(48.0,P77)",心血管疾病(7625.2) / 肿瘤(4433.1) / 慢性呼吸系统疾病(1325.6),True,True,True,0.5161290322580645,1.0,2.0,3.0,True,True,2019,0.96,高政策暴露,True,该省存在DRG或DIP国家试点城市，可作为省级D层政策暴露时间线种子。,NHSA DRG 2019国家试点名单 + NHSA DIP 2020国家试点名单,该表只刻画政策暴露/先行试点，不估计政策对健康结果的省级因果效应。,0.96,0.8785645161290323,高政策暴露；慢病政策执行高位,25,13,2.5159633091636144,0.7790322580645161,慢病政策执行高位,D层政策暴露高位,0.8785645161290323,地方政策执行高位,2,3,True,True,True,家庭医生签约、分级诊疗、健康促进/健康城市已补国家级政策里程碑；因缺统一省级执行强度，不进入省级差异评分，只进入政策包解释。,provincial_scored_for_payment_and_chronic_national_milestones_for_policy_package,省级可计分政策执行仅使用NHSA DRG/DIP和NHC慢病示范区；家庭医生、分级诊疗、健康城市作为国家级政策菜单，不伪装成省级强弱差异。,True,7.78,7.89,-0.11,False,59.22,63590.0,5,0.7,supplemental_explanatory_candidate_not_used_for_core_causal_claim,来自国家统计局2025年鉴静态图片的macOS Vision OCR候选字段；可用于解释省级经济、城镇化和人口压力差异，不进入健康结果因果主回归，需人工复核后才能作为硬数值。,True,0.1935483870967742,0.8387096774193549,2024,7.89,-0.1100000000000003,7.78,-0.11,True,https://www.stats.gov.cn/sj/ndsj/2025/html/C02-07.jpg,NBS 2025年鉴OCR候选经中英文表回退和算术校正；粗死亡率只作为健康结局敏感性/边界检验。,6,2018;2019;2021;2022;2023;2024,6,True,14391.39,0.7741935483870968,0.5161290322580645,0.4516129032258064,-0.2580645161290322,freshness_boundary_bridge_available,freshness_bridge_not_same_cause_replacement,GBD2021省级NCD总负担用于新鲜度桥接；核心四病种/风险SEV仍保持GBD2017同构口径。,True,0.535483870967742,NCD健康结局中位锚点,0.8387096774193549,高一致性,0.5161290322580645,0.6129032258064516,1.09,age_standardized_ncd_anchor_plus_crude_mortality_sensitivity,GBD2021提供省级NCD年龄标化死亡率/DALY率健康结局锚点，NBS提供多年全因粗死亡率敏感性；该表用于中国A/D层健康结局校准和答辩边界，不构成省级政策降低死亡率或DALY的强因果面板。,True,8.75,76.51,9728.9,1612.1,1465.2,9,0.4666666666666667,supplemental_candidate_not_used_in_core_score,由macOS Vision OCR从国家统计局年鉴静态图片抽取，作为C层增强候选；不进入主评分，需人工复核后才能作为硬数值。,True,3,True,False,False,True,True,True,field_level_reviewed_partial,OCR候选已完成字段级机器复核；通过QC的字段可作为补充解释，未通过字段不得进入核心C层评分。
浙江省,2024,39593.0,81.43,62.8,34119.0,0.29665605095541414,0.16043846537120077,0.8064516129032258,0.7741935483870968,0.8387096774193549,0.7741935483870968,0.6790322580645162,人均资源高位,NBS省级卫生人员/机构 + 第七次人口普查人口与老龄化；人口为2020口径，资源为最新年份口径；已补省级PM2.5环境风险暴露；已接入GBD 2017中国省级四类疾病DALY率和十大风险SEV；已补GBD 2021省级NCD总负担边界字段；已接入NHC国家慢病综合防控示范区省级执行强度；已接入NHSA DRG/DIP省级政策暴露时间线种子；已补地方政策执行指标：省级评分仅纳入DRG/DIP和慢病示范区，家庭医生/分级诊疗/健康城市作为国家政策里程碑进入政策包；已补NBS 2025年鉴死亡率/城镇化/GDP OCR解释变量候选，不进入核心因果回归；已补NBS 2018-2024年鉴分省粗死亡率OCR健康结局敏感性面板，不作为强因果主结论；已补GBD2021年龄标化NCD健康结局锚点与NBS粗死亡率敏感性一致性校验；已补NBS床位/医保/财政OCR候选字段级QC但不纳入核心评分,2024,2019,64567588.0,18.7,13.27,True,126.11590818600814,613.2024011799853,0.8387096774193549,0.22580645161290322,0.4838709677419355,资源储备较强型,2024,26.7472808571401,26.056787048567855,26.056787048567855,11.0,ScienceDB city PM2.5 aggregated with 2020 prefecture-city population weights where matched; falls back to city mean if unmatched.,0.3548387096774194,ScienceDB 342-city PM2.5 + leiii/census 2020 prefecture-city population weights,https://www.scidb.cn/en/detail?dataSetId=84279e24dec04d4ba68c1fadb70ff1ce ; https://github.com/leiii/census,True,0.41008064516129034,省级压力中位,,2017,3099.64,1211.16,4115.05,853.63,2017,6.4,59.47,7.3,1.44,9.85,43.71,13.56,2021,508.1,-43.9,16431.0,-35.3,0.06451612903225806,0.2903225806451613,0.5161290322580645,0.06451612903225806,0.3548387096774194,0.7096774193548387,0.7741935483870968,0.41935483870967744,0.6129032258064516,0.3870967741935484,0.9032258064516129,0.2338709677419355,0.5944700460829493,0.41008064516129034,0.6790322580645162,-0.26895161290322583,0.0967741935483871,相对均衡型,"饮酒(13.6,P90) / 吸烟(7.3,P77) / PM2.5(59.5,P71)",肿瘤(4115.1) / 心血管疾病(3099.6) / 慢性呼吸系统疾病(1211.2),True,True,True,0.16129032258064516,1.0,0.0,1.0,True,False,2019,0.47,中政策暴露,True,该省存在DRG或DIP国家试点城市，可作为省级D层政策暴露时间线种子。,NHSA DRG 2019国家试点名单 + NHSA DIP 2020国家试点名单,该表只刻画政策暴露/先行试点，不估计政策对健康结果的省级因果效应。,0.47,0.6384596774193549,中政策暴露；慢病政策执行高位,26,9,4.026788177374692,0.8443548387096775,慢病政策执行高位,D层政策暴露中位,0.6384596774193549,地方政策执行中位,2,3,True,True,True,家庭医生签约、分级诊疗、健康促进/健康城市已补国家级政策里程碑；因缺统一省级执行强度，不进入省级差异评分，只进入政策包解释。,provincial_scored_for_payment_and_chronic_national_milestones_for_policy_package,省级可计分政策执行仅使用NHSA DRG/DIP和NHC慢病示范区；家庭医生、分级诊疗、健康城市作为国家级政策菜单，不伪装成省级强弱差异。,True,6.17,6.53,-0.36,False,75.46,90130.6,5,0.6599999999999999,supplemental_explanatory_candidate_not_used_for_core_causal_claim,来自国家统计局2025年鉴静态图片的macOS Vision OCR候选字段；可用于解释省级经济、城镇化和人口压力差异，不进入健康结果因果主回归，需人工复核后才能作为硬数值。,True,0.8387096774193549,0.9032258064516129,2024,6.53,-0.1299999999999999,6.17,-0.36,True,https://www.stats.gov.cn/sj/ndsj/2025/html/C02-07.jpg,NBS 2025年鉴OCR候选经中英文表回退和算术校正；粗死亡率只作为健康结局敏感性/边界检验。,6,2018;2019;2021;2022;2023;2024,6,True,9279.48,0.1290322580645161,0.1612903225806451,0.1935483870967742,0.032258064516129,freshness_boundary_bridge_available,freshness_bridge_not_same_cause_replacement,GBD2021省级NCD总负担用于新鲜度桥接；核心四病种/风险SEV仍保持GBD2017同构口径。,True,0.1758064516129032,NCD健康结局低压锚点,0.9301075268817204,高一致性,0.2580645161290322,0.1935483870967742,0.9500000000000002,age_standardized_ncd_anchor_plus_crude_mortality_sensitivity,GBD2021提供省级NCD年龄标化死亡率/DALY率健康结局锚点，NBS提供多年全因粗死亡率敏感性；该表用于中国A/D层健康结局校准和答辩边界，不构成省级政策降低死亡率或DALY的强因果面板。,True,10.26,41.32,5713.2,2445.2,2069.9,9,0.7333333333333333,supplemental_candidate_not_used_in_core_score,由macOS Vision OCR从国家统计局年鉴静态图片抽取，作为C层增强候选；不进入主评分，需人工复核后才能作为硬数值。,True,4,False,True,True,True,True,True,field_level_reviewed_high_confidence,OCR候选已完成字段级机器复核；通过QC的字段可作为补充解释，未通过字段不得进入核心C层评分。
海南省,2024,6382.0,10.96,8.59,5417.0,0.27590221187427244,0.17814288351486063,0.12903225806451613,0.06451612903225806,0.7419354838709677,0.8387096774193549,0.435483870967742,人均资源中位,NBS省级卫生人员/机构 + 第七次人口普查人口与老龄化；人口为2020口径，资源为最新年份口径；已补省级PM2.5环境风险暴露；已接入GBD 2017中国省级四类疾病DALY率和十大风险SEV；已补GBD 2021省级NCD总负担边界字段；已接入NHC国家慢病综合防控示范区省级执行强度；已接入NHSA DRG/DIP省级政策暴露时间线种子；已补地方政策执行指标：省级评分仅纳入DRG/DIP和慢病示范区，家庭医生/分级诊疗/健康城市作为国家政策里程碑进入政策包；已补NBS 2025年鉴死亡率/城镇化/GDP OCR解释变量候选，不进入核心因果回归；已补NBS 2018-2024年鉴分省粗死亡率OCR健康结局敏感性面板，不作为强因果主结论；已补GBD2021年龄标化NCD健康结局锚点与NBS粗死亡率敏感性一致性校验；已补NBS床位/医保/财政OCR候选字段级QC但不纳入核心评分,2024,2019,10081232.0,14.65,10.43,True,108.71687111257833,633.0575469347397,0.2903225806451613,0.2903225806451613,0.1935483870967742,相对均衡观察型,2024,14.591736385743689,13.47123287671235,13.47123287671235,2.0,ScienceDB city PM2.5 aggregated with 2020 prefecture-city population weights where matched; falls back to city mean if unmatched.,0.06451612903225806,ScienceDB 342-city PM2.5 + leiii/census 2020 prefecture-city population weights,https://www.scidb.cn/en/detail?dataSetId=84279e24dec04d4ba68c1fadb70ff1ce ; https://github.com/leiii/census,True,0.2991935483870967,省级压力低位,,2017,3874.92,1198.81,3309.79,1052.48,2017,4.76,25.91,7.0,1.92,6.96,37.32,10.47,2021,584.4,-33.1,19230.3,-28.2,0.1935483870967742,0.25806451612903225,0.22580645161290322,0.5483870967741935,0.03225806451612903,0.06451612903225806,0.5806451612903226,0.8709677419354839,0.25806451612903225,0.1935483870967742,0.45161290322580644,0.30645161290322576,0.35023041474654376,0.2991935483870967,0.435483870967742,-0.13629032258064527,0.3548387096774194,低压低响应型,"高血糖(1.9,P87) / 吸烟(7.0,P58) / 饮酒(10.5,P45)",心血管疾病(3874.9) / 肿瘤(3309.8) / 慢性呼吸系统疾病(1198.8),True,True,True,0.45161290322580644,1.0,1.0,2.0,True,True,2019,0.94,高政策暴露,True,该省存在DRG或DIP国家试点城市，可作为省级D层政策暴露时间线种子。,NHSA DRG 2019国家试点名单 + NHSA DIP 2020国家试点名单,该表只刻画政策暴露/先行试点，不估计政策对健康结果的省级因果效应。,0.94,0.6574435483870968,高政策暴露；慢病政策执行低位,7,3,6.943595782737665,0.3120967741935484,慢病政策执行低位,D层政策暴露中位,0.6574435483870968,地方政策执行中位,2,3,True,True,True,家庭医生签约、分级诊疗、健康促进/健康城市已补国家级政策里程碑；因缺统一省级执行强度，不进入省级差异评分，只进入政策包解释。,provincial_scored_for_payment_and_chronic_national_milestones_for_policy_package,省级可计分政策执行仅使用NHSA DRG/DIP和NHC慢病示范区；家庭医生、分级诊疗、健康城市作为国家级政策菜单，不伪装成省级强弱差异。,True,9.37,6.31,3.06,False,63.08,7935.7,5,0.6599999999999999,supplemental_explanatory_candidate_not_used_for_core_causal_claim,来自国家统计局2025年鉴静态图片的macOS Vision OCR候选字段；可用于解释省级经济、城镇化和人口压力差异，不进入健康结果因果主回归，需人工复核后才能作为硬数值。,True,0.3548387096774194,0.12903225806451613,2024,6.31,-0.1600000000000001,9.37,3.06,True,https://www.stats.gov.cn/sj/ndsj/2025/html/C02-07.jpg,NBS 2025年鉴OCR候选经中英文表回退和算术校正；粗死亡率只作为健康结局敏感性/边界检验。,6,2018;2019;2021;2022;2023;2024,6,True,9436.0,0.1612903225806451,0.4516129032258064,0.3870967741935484,0.2903225806451612,freshness_boundary_bridge_available,freshness_bridge_not_same_cause_replacement,GBD2021省级NCD总负担用于新鲜度桥接；核心四病种/风险SEV仍保持GBD2017同构口径。,True,0.3629032258064515,NCD健康结局中位锚点,0.8225806451612904,高一致性,0.1935483870967742,0.2580645161290322,0.2999999999999998,age_standardized_ncd_anchor_plus_crude_mortality_sensitivity,GBD2021提供省级NCD年龄标化死亡率/DALY率健康结局锚点，NBS提供多年全因粗死亡率敏感性；该表用于中国A/D层健康结局校准和答辩边界，不构成省级政策降低死亡率或DALY的强因果面板。,True,8.89,6.15,943.4,,178.8,8,0.6375,supplemental_candidate_not_used_in_core_score,由macOS Vision OCR从国家统计局年鉴静态图片抽取，作为C层增强候选；不进入主评分，需人工复核后才能作为硬数值。,True,3,True,False,True,False,True,True,field_level_reviewed_partial,OCR候选已完成字段级机器复核；通过QC的字段可作为补充解释，未通过字段不得进入核心C层评分。
湖北省,2024,38897.0,61.59,52.63,35515.0,0.17024510735322052,0.09522736871744342,0.7419354838709677,0.7096774193548387,0.1935483870967742,0.5161290322580645,0.25806451612903225,人均资源低位,NBS省级卫生人员/机构 + 第七次人口普查人口与老龄化；人口为2020口径，资源为最新年份口径；已补省级PM2.5环境风险暴露；已接入GBD 2017中国省级四类疾病DALY率和十大风险SEV；已补GBD 2021省级NCD总负担边界字段；已接入NHC国家慢病综合防控示范区省级执行强度；已接入NHSA DRG/DIP省级政策暴露时间线种子；已补地方政策执行指标：省级评分仅纳入DRG/DIP和慢病示范区，家庭医生/分级诊疗/健康城市作为国家政策里程碑进入政策包；已补NBS 2025年鉴死亡率/城镇化/GDP OCR解释变量候选，不进入核心因果回归；已补NBS 2018-2024年鉴分省粗死亡率OCR健康结局敏感性面板，不作为强因果主结论；已补GBD2021年龄标化NCD健康结局锚点与NBS粗死亡率敏感性一致性校验；已补NBS床位/医保/财政OCR候选字段级QC但不纳入核心评分,2024,2019,57752557.0,20.42,14.59,True,106.64462873912233,673.5113044431955,0.1935483870967742,0.3225806451612903,0.6451612903225806,相对均衡观察型,2024,37.55882829912527,37.04657534246575,37.04657534246575,13.0,ScienceDB city PM2.5 aggregated with 2020 prefecture-city population weights where matched; falls back to city mean if unmatched.,0.8387096774193549,ScienceDB 342-city PM2.5 + leiii/census 2020 prefecture-city population weights,https://www.scidb.cn/en/detail?dataSetId=84279e24dec04d4ba68c1fadb70ff1ce ; https://github.com/leiii/census,True,0.6298387096774193,省级压力中位,优先联动PM2.5治理、心肺慢病筛查和老龄高风险人群防护,2017,7168.87,1963.16,5326.09,1098.58,2017,6.5,59.79,6.56,1.26,7.65,42.89,12.37,2021,617.5,-44.7,19097.8,-37.6,0.7741935483870968,0.7419354838709677,0.8709677419354839,0.7096774193548387,0.41935483870967744,0.7419354838709677,0.3548387096774194,0.11290322580645161,0.3225806451612903,0.2903225806451613,0.8064516129032258,0.7741935483870968,0.4354838709677419,0.6298387096774193,0.25806451612903225,0.37177419354838703,0.9032258064516129,低压低响应型,"饮酒(12.4,P81) / PM2.5(59.8,P74) / 高收缩压(6.5,P42)",心血管疾病(7168.9) / 肿瘤(5326.1) / 慢性呼吸系统疾病(1963.2),True,True,True,0.41935483870967744,1.0,2.0,3.0,True,True,2019,0.96,高政策暴露,True,该省存在DRG或DIP国家试点城市，可作为省级D层政策暴露时间线种子。,NHSA DRG 2019国家试点名单 + NHSA DIP 2020国家试点名单,该表只刻画政策暴露/先行试点，不估计政策对健康结果的省级因果效应。,0.96,0.8237661290322582,高政策暴露；慢病政策执行中位,21,5,3.6362026360148865,0.6572580645161292,慢病政策执行中位,D层政策暴露高位,0.8237661290322582,地方政策执行高位,2,3,True,True,True,家庭医生签约、分级诊疗、健康促进/健康城市已补国家级政策里程碑；因缺统一省级执行强度，不进入省级差异评分，只进入政策包解释。,provincial_scored_for_payment_and_chronic_national_milestones_for_policy_package,省级可计分政策执行仅使用NHSA DRG/DIP和NHC慢病示范区；家庭医生、分级诊疗、健康城市作为国家级政策菜单，不伪装成省级强弱差异。,True,5.38,8.52,-3.14,False,66.35,60013.0,5,0.76,supplemental_explanatory_candidate_not_used_for_core_causal_claim,来自国家统计局2025年鉴静态图片的macOS Vision OCR候选字段；可用于解释省级经济、城镇化和人口压力差异，不进入健康结果因果主回归，需人工复核后才能作为硬数值。,True,0.5806451612903226,0.8064516129032258,2024,8.52,-0.1100000000000012,5.38,-3.14,True,https://www.stats.gov.cn/sj/ndsj/2025/html/C02-07.jpg,NBS 2025年鉴OCR候选经中英文表回退和算术校正；粗死亡率只作为健康结局敏感性/边界检验。,6,2018;2019;2021;2022;2023;2024,6,True,15556.7,0.8709677419354839,0.4193548387096774,0.5483870967741935,-0.4516129032258064,freshness_boundary_bridge_available,freshness_bridge_not_same_cause_replacement,GBD2021省级NCD总负担用于新鲜度桥接；核心四病种/风险SEV仍保持GBD2017同构口径。,True,0.5612903225806452,NCD健康结局中位锚点,0.7365591397849462,中一致性,0.7741935483870968,0.7741935483870968,1.5199999999999996,age_standardized_ncd_anchor_plus_crude_mortality_sensitivity,GBD2021提供省级NCD年龄标化死亡率/DALY率健康结局锚点，NBS提供多年全因粗死亡率敏感性；该表用于中国A/D层健康结局校准和答辩边界，不构成省级政策降低死亡率或DALY的强因果面板。,True,8.73,47.58,5552.2,1208.7,1144.0,9,0.7,supplemental_candidate_not_used_in_core_score,由macOS Vision OCR从国家统计局年鉴静态图片抽取，作为C层增强候选；不进入主评分，需人工复核后才能作为硬数值。,True,3,False,True,False,True,True,True,field_level_reviewed_partial,OCR候选已完成字段级机器复核；通过QC的字段可作为补充解释，未通过字段不得进入核心C层评分。
湖南省,2024,57611.0,68.5,61.83,57230.0,0.10787643538735248,0.006657347544993808,0.7741935483870968,0.8387096774193549,0.06451612903225806,0.16129032258064516,0.24677419354838714,人均资源低位,NBS省级卫生人员/机构 + 第七次人口普查人口与老龄化；人口为2020口径，资源为最新年份口径；已补省级PM2.5环境风险暴露；已接入GBD 2017中国省级四类疾病DALY率和十大风险SEV；已补GBD 2021省级NCD总负担边界字段；已接入NHC国家慢病综合防控示范区省级执行强度；已接入NHSA DRG/DIP省级政策暴露时间线种子；已补地方政策执行指标：省级评分仅纳入DRG/DIP和慢病示范区，家庭医生/分级诊疗/健康城市作为国家政策里程碑进入政策包；已补NBS 2025年鉴死亡率/城镇化/GDP OCR解释变量候选，不进入核心因果回归；已补NBS 2018-2024年鉴分省粗死亡率OCR健康结局敏感性面板，不作为强因果主结论；已补GBD2021年龄标化NCD健康结局锚点与NBS粗死亡率敏感性一致性校验；已补NBS床位/医保/财政OCR候选字段级QC但不纳入核心评分,2024,2019,66444864.0,19.88,14.81,True,103.0929945164761,867.0497090640444,0.16129032258064516,0.5806451612903226,0.7096774193548387,高龄承压资源短板型,2024,36.11024491272759,35.569080234833656,35.569080234833656,14.0,ScienceDB city PM2.5 aggregated with 2020 prefecture-city population weights where matched; falls back to city mean if unmatched.,0.7419354838709677,ScienceDB 342-city PM2.5 + leiii/census 2020 prefecture-city population weights,https://www.scidb.cn/en/detail?dataSetId=84279e24dec04d4ba68c1fadb70ff1ce ; https://github.com/leiii/census,True,0.6814516129032259,省级压力高位,优先联动PM2.5治理、心肺慢病筛查和老龄高风险人群防护,2017,7569.66,2292.72,4989.29,1436.93,2017,6.18,50.61,7.05,1.4,7.81,46.67,10.45,2021,582.7,-45.6,19094.2,-38.2,0.8387096774193549,0.8387096774193549,0.7741935483870968,0.967741935483871,0.2903225806451613,0.45161290322580644,0.6612903225806451,0.3709677419354839,0.3548387096774194,0.5483870967741935,0.41935483870967744,0.8548387096774194,0.4423963133640553,0.6814516129032259,0.24677419354838714,0.4346774193548387,1.0,高压低响应型,"吸烟(7.0,P66) / 高钠饮食(46.7,P55) / PM2.5(50.6,P45)",心血管疾病(7569.7) / 肿瘤(4989.3) / 慢性呼吸系统疾病(2292.7),True,True,True,0.3870967741935484,1.0,3.0,4.0,True,True,2019,0.98,高政策暴露,True,该省存在DRG或DIP国家试点城市，可作为省级D层政策暴露时间线种子。,NHSA DRG 2019国家试点名单 + NHSA DIP 2020国家试点名单,该表只刻画政策暴露/先行试点，不估计政策对健康结果的省级因果效应。,0.98,0.805733870967742,高政策暴露；慢病政策执行中位,16,9,2.4080115507498068,0.592741935483871,慢病政策执行中位,D层政策暴露高位,0.805733870967742,地方政策执行高位,2,3,True,True,True,家庭医生签约、分级诊疗、健康促进/健康城市已补国家级政策里程碑；因缺统一省级执行强度，不进入省级差异评分，只进入政策包解释。,provincial_scored_for_payment_and_chronic_national_milestones_for_policy_package,省级可计分政策执行仅使用NHSA DRG/DIP和NHC慢病示范区；家庭医生、分级诊疗、健康城市作为国家级政策菜单，不伪装成省级强弱差异。,True,5.89,8.93,-3.04,False,62.07,53231.0,5,0.9,supplemental_explanatory_candidate_not_used_for_core_causal_claim,来自国家统计局2025年鉴静态图片的macOS Vision OCR候选字段；可用于解释省级经济、城镇化和人口压力差异，不进入健康结果因果主回归，需人工复核后才能作为硬数值。,True,0.2903225806451613,0.7096774193548387,2024,8.93,-0.1500000000000003,5.89,-3.04,True,https://www.stats.gov.cn/sj/ndsj/2025/html/C02-07.jpg,NBS 2025年鉴OCR候选经中英文表回退和算术校正；粗死亡率只作为健康结局敏感性/边界检验。,6,2018;2019;2021;2022;2023;2024,6,True,16288.6,0.935483870967742,0.3870967741935484,0.3548387096774194,-0.5483870967741935,freshness_boundary_bridge_available,freshness_bridge_not_same_cause_replacement,GBD2021省级NCD总负担用于新鲜度桥接；核心四病种/风险SEV仍保持GBD2017同构口径。,True,0.5080645161290323,NCD健康结局中位锚点,0.6290322580645162,低一致性需解释,0.8709677419354839,0.9032258064516128,1.8499999999999996,age_standardized_ncd_anchor_plus_crude_mortality_sensitivity,GBD2021提供省级NCD年龄标化死亡率/DALY率健康结局锚点，NBS提供多年全因粗死亡率敏感性；该表用于中国A/D层健康结局校准和答辩边界，不构成省级政策降低死亡率或DALY的强因果面板。,True,7.9,52.32,62273.0,1192.9,10134.0,9,0.6777777777777777,supplemental_candidate_not_used_in_core_score,由macOS Vision OCR从国家统计局年鉴静态图片抽取，作为C层增强候选；不进入主评分，需人工复核后才能作为硬数值。,True,3,True,True,False,True,False,True,field_level_reviewed_partial,OCR候选已完成字段级机器复核；通过QC的字段可作为补充解释，未通过字段不得进入核心C层评分。
甘肃省,2024,26741.0,29.32,22.85,26697.0,0.2831509846827134,0.0016481252575195615,0.1935483870967742,0.3870967741935484,0.8064516129032258,0.12903225806451613,0.6806451612903225,人均资源高位,NBS省级卫生人员/机构 + 第七次人口普查人口与老龄化；人口为2020口径，资源为最新年份口径；已补省级PM2.5环境风险暴露；已接入GBD 2017中国省级四类疾病DALY率和十大风险SEV；已补GBD 2021省级NCD总负担边界字段；已接入NHC国家慢病综合防控示范区省级执行强度；已接入NHSA DRG/DIP省级政策暴露时间线种子；已补地方政策执行指标：省级评分仅纳入DRG/DIP和慢病示范区，家庭医生/分级诊疗/健康城市作为国家政策里程碑进入政策包；已补NBS 2025年鉴死亡率/城镇化/GDP OCR解释变量候选，不进入核心因果回归；已补NBS 2018-2024年鉴分省粗死亡率OCR健康结局敏感性面板，不作为强因果主结论；已补GBD2021年龄标化NCD健康结局锚点与NBS粗死亡率敏感性一致性校验；已补NBS床位/医保/财政OCR候选字段级QC但不纳入核心评分,2024,2019,25019831.0,17.03,12.58,True,117.18704255036735,1068.7921912821873,0.6774193548387096,0.8064516129032258,0.3870967741935484,资源储备较强型,2024,29.994560699218887,29.557142857142853,29.557142857142853,14.0,ScienceDB city PM2.5 aggregated with 2020 prefecture-city population weights where matched; falls back to city mean if unmatched.,0.45161290322580644,ScienceDB 342-city PM2.5 + leiii/census 2020 prefecture-city population weights,https://www.scidb.cn/en/detail?dataSetId=84279e24dec04d4ba68c1fadb70ff1ce ; https://github.com/leiii/census,True,0.46209677419354833,省级压力中位,,2017,6407.4,2382.18,3767.35,1036.13,2017,6.66,36.09,7.8,1.3,6.74,33.99,9.41,2021,633.8,-44.5,20021.2,-38.9,0.6129032258064516,0.9032258064516129,0.3870967741935484,0.4838709677419355,0.5645161290322581,0.16129032258064516,0.9032258064516129,0.25806451612903225,0.20967741935483872,0.12903225806451613,0.0967741935483871,0.5967741935483871,0.3317972350230414,0.46209677419354833,0.6806451612903225,-0.21854838709677415,0.12903225806451613,相对均衡型,"吸烟(7.8,P90) / 高收缩压(6.7,P56) / 高血糖(1.3,P26)",心血管疾病(6407.4) / 肿瘤(3767.3) / 慢性呼吸系统疾病(2382.2),True,True,True,0.6451612903225806,1.0,3.0,4.0,True,True,2019,0.98,高政策暴露,True,该省存在DRG或DIP国家试点城市，可作为省级D层政策暴露时间线种子。,NHSA DRG 2019国家试点名单 + NHSA DIP 2020国家试点名单,该表只刻画政策暴露/先行试点，不估计政策对健康结果的省级因果效应。,0.98,0.6994032258064516,高政策暴露；慢病政策执行中位,8,7,3.1974636439390816,0.3564516129032258,慢病政策执行中位,D层政策暴露高位,0.6994032258064516,地方政策执行高位,2,3,True,True,True,家庭医生签约、分级诊疗、健康促进/健康城市已补国家级政策里程碑；因缺统一省级执行强度，不进入省级差异评分，只进入政策包解释。,provincial_scored_for_payment_and_chronic_national_milestones_for_policy_package,省级可计分政策执行仅使用NHSA DRG/DIP和NHC慢病示范区；家庭医生、分级诊疗、健康城市作为国家级政策菜单，不伪装成省级强弱差异。,True,,8.9,-0.9,False,56.83,13002.9,4,0.7,supplemental_explanatory_candidate_not_used_for_core_causal_claim,来自国家统计局2025年鉴静态图片的macOS Vision OCR候选字段；可用于解释省级经济、城镇化和人口压力差异，不进入健康结果因果主回归，需人工复核后才能作为硬数值。,True,0.12903225806451613,0.16129032258064516,2024,8.9,-0.1399999999999988,8.0,-0.9,True,https://www.stats.gov.cn/sj/ndsj/2025/html/C02-07.jpg,NBS 2025年鉴OCR候选经中英文表回退和算术校正；粗死亡率只作为健康结局敏感性/边界检验。,6,2018;2019;2021;2022;2023;2024,5,True,13593.06,0.5806451612903226,0.6451612903225806,0.6451612903225806,0.064516129032258,freshness_boundary_bridge_available,freshness_bridge_not_same_cause_replacement,GBD2021省级NCD总负担用于新鲜度桥接；核心四病种/风险SEV仍保持GBD2017同构口径。,True,0.6548387096774194,NCD健康结局中位锚点,0.8709677419354839,高一致性,0.8387096774193549,0.8064516129032258,2.25,age_standardized_ncd_anchor_plus_crude_mortality_sensitivity,GBD2021提供省级NCD年龄标化死亡率/DALY率健康结局锚点，NBS提供多年全因粗死亡率敏感性；该表用于中国A/D层健康结局校准和答辩边界，不构成省级政策降低死亡率或DALY的强因果面板。,True,10.38,4.78,2464.6,465.2,415.8,9,0.8333333333333334,supplemental_candidate_not_used_in_core_score,由macOS Vision OCR从国家统计局年鉴静态图片抽取，作为C层增强候选；不进入主评分，需人工复核后才能作为硬数值。,True,5,True,True,True,True,True,False,field_level_reviewed_high_confidence,OCR候选已完成字段级机器复核；通过QC的字段可作为补充解释，未通过字段不得进入核心C层评分。
福建省,2024,30543.0,41.04,33.43,27788.0,0.22763984445109187,0.09914351518641129,0.4838709677419355,0.4838709677419355,0.45161290322580644,0.5483870967741935,0.3016129032258065,人均资源低位,NBS省级卫生人员/机构 + 第七次人口普查人口与老龄化；人口为2020口径，资源为最新年份口径；已补省级PM2.5环境风险暴露；已接入GBD 2017中国省级四类疾病DALY率和十大风险SEV；已补GBD 2021省级NCD总负担边界字段；已接入NHC国家慢病综合防控示范区省级执行强度；已接入NHSA DRG/DIP省级政策暴露时间线种子；已补地方政策执行指标：省级评分仅纳入DRG/DIP和慢病示范区，家庭医生/分级诊疗/健康城市作为国家政策里程碑进入政策包；已补NBS 2025年鉴死亡率/城镇化/GDP OCR解释变量候选，不进入核心因果回归；已补NBS 2018-2024年鉴分省粗死亡率OCR健康结局敏感性面板，不作为强因果主结论；已补GBD2021年龄标化NCD健康结局锚点与NBS粗死亡率敏感性一致性校验；已补NBS床位/医保/财政OCR候选字段级QC但不纳入核心评分,2024,2019,41540086.0,15.98,11.1,True,98.7961363392459,735.2656901095486,0.0967741935483871,0.45161290322580644,0.25806451612903225,年轻结构资源短板型,2024,19.399028487511337,19.257534246575343,19.257534246575343,9.0,ScienceDB city PM2.5 aggregated with 2020 prefecture-city population weights where matched; falls back to city mean if unmatched.,0.12903225806451613,ScienceDB 342-city PM2.5 + leiii/census 2020 prefecture-city population weights,https://www.scidb.cn/en/detail?dataSetId=84279e24dec04d4ba68c1fadb70ff1ce ; https://github.com/leiii/census,True,0.372983870967742,省级压力中位,,2017,3456.99,1144.93,4535.32,941.78,2017,5.54,43.06,7.28,1.51,8.49,48.52,11.89,2021,433.9,-47.5,16085.5,-38.1,0.12903225806451613,0.1935483870967742,0.6774193548387096,0.1935483870967742,0.12903225806451613,0.3225806451612903,0.7419354838709677,0.5483870967741935,0.5161290322580645,0.8064516129032258,0.6774193548387096,0.29838709677419356,0.5345622119815668,0.372983870967742,0.3016129032258065,0.07137096774193552,0.7096774193548387,低压低响应型,"高钠饮食(48.5,P81) / 吸烟(7.3,P74) / 饮酒(11.9,P68)",肿瘤(4535.3) / 心血管疾病(3457.0) / 慢性呼吸系统疾病(1144.9),True,True,True,0.06451612903225806,1.0,4.0,5.0,True,True,2019,1.0,高政策暴露,True,该省存在DRG或DIP国家试点城市，可作为省级D层政策暴露时间线种子。,NHSA DRG 2019国家试点名单 + NHSA DIP 2020国家试点名单,该表只刻画政策暴露/先行试点，不估计政策对健康结果的省级因果效应。,1.0,0.7818951612903227,高政策暴露；慢病政策执行中位,13,8,3.1295072427149044,0.5153225806451613,慢病政策执行中位,D层政策暴露高位,0.7818951612903227,地方政策执行高位,2,3,True,True,True,家庭医生签约、分级诊疗、健康促进/健康城市已补国家级政策里程碑；因缺统一省级执行强度，不进入省级差异评分，只进入政策包解释。,provincial_scored_for_payment_and_chronic_national_milestones_for_policy_package,省级可计分政策执行仅使用NHSA DRG/DIP和NHC慢病示范区；家庭医生、分级诊疗、健康城市作为国家级政策菜单，不伪装成省级强弱差异。,True,6.95,6.71,0.24,False,71.8,57761.0,5,0.8,supplemental_explanatory_candidate_not_used_for_core_causal_claim,来自国家统计局2025年鉴静态图片的macOS Vision OCR候选字段；可用于解释省级经济、城镇化和人口压力差异，不进入健康结果因果主回归，需人工复核后才能作为硬数值。,True,0.7419354838709677,0.7741935483870968,2024,6.71,-0.2400000000000002,6.95,0.24,True,https://www.stats.gov.cn/sj/ndsj/2025/html/C02-07.jpg,NBS 2025年鉴OCR候选经中英文表回退和算术校正；粗死亡率只作为健康结局敏感性/边界检验。,6,2018;2019;2021;2022;2023;2024,6,True,10079.02,0.2258064516129032,0.064516129032258,0.064516129032258,-0.1612903225806451,freshness_boundary_bridge_available,freshness_bridge_not_same_cause_replacement,GBD2021省级NCD总负担用于新鲜度桥接；核心四病种/风险SEV仍保持GBD2017同构口径。,True,0.1112903225806451,NCD健康结局低压锚点,0.8602150537634409,高一致性,0.2903225806451613,0.3225806451612903,0.5099999999999998,age_standardized_ncd_anchor_plus_crude_mortality_sensitivity,GBD2021提供省级NCD年龄标化死亡率/DALY率健康结局锚点，NBS提供多年全因粗死亡率敏感性；该表用于中国A/D层健康结局校准和答辩边界，不构成省级政策降低死亡率或DALY的强因果面板。,True,8.07,24.89,3823.8,,,5,0.8,supplemental_candidate_not_used_in_core_score,由macOS Vision OCR从国家统计局年鉴静态图片抽取，作为C层增强候选；不进入主评分，需人工复核后才能作为硬数值。,True,3,True,True,True,False,False,True,field_level_reviewed_partial,OCR候选已完成字段级机器复核；通过QC的字段可作为补充解释，未通过字段不得进入核心C层评分。
西藏自治区,2024,7233.0,5.08,3.88,6940.0,0.30927835051546393,0.04221902017291068,0.03225806451612903,0.1935483870967742,0.9032258064516129,0.25806451612903225,0.8919354838709678,人均资源高位,NBS省级卫生人员/机构 + 第七次人口普查人口与老龄化；人口为2020口径，资源为最新年份口径；已补省级PM2.5环境风险暴露；已接入GBD 2017中国省级四类疾病DALY率和十大风险SEV；已补GBD 2021省级NCD总负担边界字段；已接入NHC国家慢病综合防控示范区省级执行强度；已接入NHSA DRG/DIP省级政策暴露时间线种子；已补地方政策执行指标：省级评分仅纳入DRG/DIP和慢病示范区，家庭医生/分级诊疗/健康城市作为国家政策里程碑进入政策包；已补NBS 2025年鉴死亡率/城镇化/GDP OCR解释变量候选，不进入核心因果回归；已补NBS 2018-2024年鉴分省粗死亡率OCR健康结局敏感性面板，不作为强因果主结论；已补GBD2021年龄标化NCD健康结局锚点与NBS粗死亡率敏感性一致性校验；已补NBS床位/医保/财政OCR候选字段级QC但不纳入核心评分,2024,2019,3648100.0,8.52,5.67,True,139.25056878923274,1982.6759134892136,0.967741935483871,1.0,0.03225806451612903,资源储备较强型,2024,9.789889880001327,9.172602739726022,9.172602739726022,7.0,ScienceDB city PM2.5 aggregated with 2020 prefecture-city population weights where matched; falls back to city mean if unmatched.,0.03225806451612903,ScienceDB 342-city PM2.5 + leiii/census 2020 prefecture-city population weights,https://www.scidb.cn/en/detail?dataSetId=84279e24dec04d4ba68c1fadb70ff1ce ; https://github.com/leiii/census,True,0.33024193548387093,省级压力低位,,2017,6572.45,1948.42,2153.04,899.3,2017,8.41,16.78,7.67,1.1,4.99,50.54,9.52,2021,823.7,-48.1,26481.7,-43.4,0.6774193548387096,0.7096774193548387,0.03225806451612903,0.0967741935483871,0.967741935483871,0.03225806451612903,0.8709677419354839,0.03225806451612903,0.03225806451612903,0.967741935483871,0.16129032258064516,0.3790322580645161,0.4377880184331797,0.33024193548387093,0.8919354838709678,-0.5616935483870968,0.03225806451612903,相对均衡型,"高收缩压(8.4,P97) / 高钠饮食(50.5,P97) / 吸烟(7.7,P87)",心血管疾病(6572.4) / 肿瘤(2153.0) / 慢性呼吸系统疾病(1948.4),True,True,True,1.0,0.0,2.0,2.0,False,True,2020,0.49,中政策暴露,True,该省存在DRG或DIP国家试点城市，可作为省级D层政策暴露时间线种子。,NHSA DRG 2019国家试点名单 + NHSA DIP 2020国家试点名单,该表只刻画政策暴露/先行试点，不估计政策对健康结果的省级因果效应。,0.49,0.3917983870967742,中政策暴露；慢病政策执行低位,4,3,10.964611715687616,0.2717741935483871,慢病政策执行低位,D层政策暴露中位,0.3917983870967742,地方政策执行中位,2,3,True,True,True,家庭医生签约、分级诊疗、健康促进/健康城市已补国家级政策里程碑；因缺统一省级执行强度，不进入省级差异评分，只进入政策包解释。,provincial_scored_for_payment_and_chronic_national_milestones_for_policy_package,省级可计分政策执行仅使用NHSA DRG/DIP和NHC慢病示范区；家庭医生、分级诊疗、健康城市作为国家级政策菜单，不伪装成省级强弱差异。,True,13.87,5.44,8.43,False,39.68,2764.9,5,0.9,supplemental_explanatory_candidate_not_used_for_core_causal_claim,来自国家统计局2025年鉴静态图片的macOS Vision OCR候选字段；可用于解释省级经济、城镇化和人口压力差异，不进入健康结果因果主回归，需人工复核后才能作为硬数值。,True,0.03225806451612903,0.03225806451612903,2024,5.44,-0.3199999999999994,13.87,8.43,True,https://www.stats.gov.cn/sj/ndsj/2025/html/C02-07.jpg,NBS 2025年鉴OCR候选经中英文表回退和算术校正；粗死亡率只作为健康结局敏感性/边界检验。,6,2018;2019;2021;2022;2023;2024,6,True,11573.21,0.3225806451612903,1.0,0.967741935483871,0.6774193548387097,freshness_boundary_bridge_available,freshness_bridge_not_same_cause_replacement,GBD2021省级NCD总负担用于新鲜度桥接；核心四病种/风险SEV仍保持GBD2017同构口径。,True,0.7951612903225806,NCD健康结局高压锚点,0.4247311827956989,低一致性需解释,0.064516129032258,0.064516129032258,0.8600000000000003,age_standardized_ncd_anchor_plus_crude_mortality_sensitivity,GBD2021提供省级NCD年龄标化死亡率/DALY率健康结局锚点，NBS提供多年全因粗死亡率敏感性；该表用于中国A/D层健康结局校准和答辩边界，不构成省级政策降低死亡率或DALY的强因果面板。,True,10.08,30.97,346.4,114.5,7.13,9,0.6777777777777777,supplemental_candidate_not_used_in_core_score,由macOS Vision OCR从国家统计局年鉴静态图片抽取，作为C层增强候选；不进入主评分，需人工复核后才能作为硬数值。,True,4,True,True,True,True,False,True,field_level_reviewed_high_confidence,OCR候选已完成字段级机器复核；通过QC的字段可作为补充解释，未通过字段不得进入核心C层评分。
贵州省,2024,30869.0,44.43,34.71,28511.0,0.28003457216940353,0.08270492090771975,0.5161290322580645,0.5161290322580645,0.7741935483870968,0.3870967741935484,0.6064516129032258,人均资源中位,NBS省级卫生人员/机构 + 第七次人口普查人口与老龄化；人口为2020口径，资源为最新年份口径；已补省级PM2.5环境风险暴露；已接入GBD 2017中国省级四类疾病DALY率和十大风险SEV；已补GBD 2021省级NCD总负担边界字段；已接入NHC国家慢病综合防控示范区省级执行强度；已接入NHSA DRG/DIP省级政策暴露时间线种子；已补地方政策执行指标：省级评分仅纳入DRG/DIP和慢病示范区，家庭医生/分级诊疗/健康城市作为国家政策里程碑进入政策包；已补NBS 2025年鉴死亡率/城镇化/GDP OCR解释变量候选，不进入核心因果回归；已补NBS 2018-2024年鉴分省粗死亡率OCR健康结局敏感性面板，不作为强因果主结论；已补GBD2021年龄标化NCD健康结局锚点与NBS粗死亡率敏感性一致性校验；已补NBS床位/医保/财政OCR候选字段级QC但不纳入核心评分,2024,2019,38562148.0,15.38,11.56,True,115.21661085891793,800.500013640319,0.6129032258064516,0.5483870967741935,0.2903225806451613,相对均衡观察型,2024,17.586551827050283,16.21004566210046,16.21004566210046,9.0,ScienceDB city PM2.5 aggregated with 2020 prefecture-city population weights where matched; falls back to city mean if unmatched.,0.0967741935483871,ScienceDB 342-city PM2.5 + leiii/census 2020 prefecture-city population weights,https://www.scidb.cn/en/detail?dataSetId=84279e24dec04d4ba68c1fadb70ff1ce ; https://github.com/leiii/census,True,0.510483870967742,省级压力中位,,2017,6711.74,2466.04,3597.5,1129.63,2017,6.9,32.32,8.41,1.28,6.51,44.72,9.45,2021,699.4,-39.7,21498.0,-36.6,0.7419354838709677,0.9354838709677419,0.3225806451612903,0.7741935483870968,0.7741935483870968,0.12903225806451613,1.0,0.22580645161290322,0.12903225806451613,0.41935483870967744,0.12903225806451613,0.6935483870967741,0.4009216589861751,0.510483870967742,0.6064516129032258,-0.09596774193548385,0.41935483870967744,相对均衡型,"吸烟(8.4,P100) / 高收缩压(6.9,P77) / 高钠饮食(44.7,P42)",心血管疾病(6711.7) / 肿瘤(3597.5) / 慢性呼吸系统疾病(2466.0),True,True,True,0.8709677419354839,1.0,3.0,4.0,True,True,2019,0.98,高政策暴露,True,该省存在DRG或DIP国家试点城市，可作为省级D层政策暴露时间线种子。,NHSA DRG 2019国家试点名单 + NHSA DIP 2020国家试点名单,该表只刻画政策暴露/先行试点，不估计政策对健康结果的省级因果效应。,0.98,0.7048467741935485,高政策暴露；慢病政策执行中位,11,5,2.852538193671162,0.3685483870967742,慢病政策执行中位,D层政策暴露高位,0.7048467741935485,地方政策执行高位,2,3,True,True,True,家庭医生签约、分级诊疗、健康促进/健康城市已补国家级政策里程碑；因缺统一省级执行强度，不进入省级差异评分，只进入政策包解释。,provincial_scored_for_payment_and_chronic_national_milestones_for_policy_package,省级可计分政策执行仅使用NHSA DRG/DIP和NHC慢病示范区；家庭医生、分级诊疗、健康城市作为国家级政策菜单，不伪装成省级强弱差异。,True,10.74,7.74,3.0,False,56.65,22667.1,5,0.7,supplemental_explanatory_candidate_not_used_for_core_causal_claim,来自国家统计局2025年鉴静态图片的macOS Vision OCR候选字段；可用于解释省级经济、城镇化和人口压力差异，不进入健康结果因果主回归，需人工复核后才能作为硬数值。,True,0.0967741935483871,0.3225806451612903,2024,7.74,-0.0299999999999993,10.74,3.0,True,https://www.stats.gov.cn/sj/ndsj/2025/html/C02-07.jpg,NBS 2025年鉴OCR候选经中英文表回退和算术校正；粗死亡率只作为健康结局敏感性/边界检验。,6,2018;2019;2021;2022;2023;2024,6,True,13904.91,0.6451612903225806,0.8709677419354839,0.8709677419354839,0.2258064516129032,freshness_boundary_bridge_available,freshness_bridge_not_same_cause_replacement,GBD2021省级NCD总负担用于新鲜度桥接；核心四病种/风险SEV仍保持GBD2017同构口径。,True,0.7983870967741936,NCD健康结局高压锚点,0.7688172043010753,中一致性,0.4838709677419355,0.5806451612903226,0.8900000000000006,age_standardized_ncd_anchor_plus_crude_mortality_sensitivity,GBD2021提供省级NCD年龄标化死亡率/DALY率健康结局锚点，NBS提供多年全因粗死亡率敏感性；该表用于中国A/D层健康结局校准和答辩边界，不构成省级政策降低死亡率或DALY的强因果面板。,True,9.66,32.48,4146.4,721.2,642.4,9,0.6666666666666666,supplemental_candidate_not_used_in_core_score,由macOS Vision OCR从国家统计局年鉴静态图片抽取，作为C层增强候选；不进入主评分，需人工复核后才能作为硬数值。,True,5,True,True,True,True,True,False,field_level_reviewed_high_confidence,OCR候选已完成字段级机器复核；通过QC的字段可作为补充解释，未通过字段不得进入核心C层评分。
辽宁省,2024,37137.0,46.82,39.67,34238.0,0.18023695487774138,0.08467200186926815,0.5806451612903226,0.6451612903225806,0.25806451612903225,0.41935483870967744,0.4,人均资源中位,NBS省级卫生人员/机构 + 第七次人口普查人口与老龄化；人口为2020口径，资源为最新年份口径；已补省级PM2.5环境风险暴露；已接入GBD 2017中国省级四类疾病DALY率和十大风险SEV；已补GBD 2021省级NCD总负担边界字段；已接入NHC国家慢病综合防控示范区省级执行强度；已接入NHSA DRG/DIP省级政策暴露时间线种子；已补地方政策执行指标：省级评分仅纳入DRG/DIP和慢病示范区，家庭医生/分级诊疗/健康城市作为国家政策里程碑进入政策包；已补NBS 2025年鉴死亡率/城镇化/GDP OCR解释变量候选，不进入核心因果回归；已补NBS 2018-2024年鉴分省粗死亡率OCR健康结局敏感性面板，不作为强因果主结论；已补GBD2021年龄标化NCD健康结局锚点与NBS粗死亡率敏感性一致性校验；已补NBS床位/医保/财政OCR候选字段级QC但不纳入核心评分,2024,2019,42591407.0,25.72,17.42,True,109.9282773165958,871.9364448326396,0.3225806451612903,0.6451612903225806,1.0,相对均衡观察型,2024,32.341358401511954,31.4897418092292,31.4897418092292,14.0,ScienceDB city PM2.5 aggregated with 2020 prefecture-city population weights where matched; falls back to city mean if unmatched.,0.5806451612903226,ScienceDB 342-city PM2.5 + leiii/census 2020 prefecture-city population weights,https://www.scidb.cn/en/detail?dataSetId=84279e24dec04d4ba68c1fadb70ff1ce ; https://github.com/leiii/census,True,0.8205645161290323,省级压力高位,优先做慢病早筛、基层连续管理和资源短板补强,2017,8987.99,1287.07,6010.98,1499.03,2017,8.92,61.78,6.34,1.86,11.14,43.58,12.46,2021,690.2,-18.8,20922.9,-17.2,0.967741935483871,0.41935483870967744,1.0,1.0,1.0,0.7741935483870968,0.1935483870967742,0.8064516129032258,0.8225806451612904,0.3548387096774194,0.8387096774193549,0.8467741935483871,0.6843317972350231,0.8205645161290323,0.4,0.42056451612903223,0.9354838709677419,高压低响应型,"高收缩压(8.9,P100) / 饮酒(12.5,P84) / 高BMI(11.1,P82)",心血管疾病(8988.0) / 肿瘤(6011.0) / 糖尿病和肾病(1499.0),True,True,True,0.7419354838709677,1.0,2.0,3.0,True,True,2019,0.96,高政策暴露,True,该省存在DRG或DIP国家试点城市，可作为省级D层政策暴露时间线种子。,NHSA DRG 2019国家试点名单 + NHSA DIP 2020国家试点名单,该表只刻画政策暴露/先行试点，不估计政策对健康结果的省级因果效应。,0.96,0.776225806451613,高政策暴露；慢病政策执行中位,15,6,3.5218371630690672,0.5516129032258066,慢病政策执行中位,D层政策暴露高位,0.776225806451613,地方政策执行高位,2,3,True,True,True,家庭医生签约、分级诊疗、健康促进/健康城市已补国家级政策里程碑；因缺统一省级执行强度，不进入省级差异评分，只进入政策包解释。,provincial_scored_for_payment_and_chronic_national_milestones_for_policy_package,省级可计分政策执行仅使用NHSA DRG/DIP和NHC慢病示范区；家庭医生、分级诊疗、健康城市作为国家级政策菜单，不伪装成省级强弱差异。,True,4.32,,-5.3,False,74.18,32612.7,4,0.75,supplemental_explanatory_candidate_not_used_for_core_causal_claim,来自国家统计局2025年鉴静态图片的macOS Vision OCR候选字段；可用于解释省级经济、城镇化和人口压力差异，不进入健康结果因果主回归，需人工复核后才能作为硬数值。,True,0.8064516129032258,0.5161290322580645,2024,9.62,-0.0699999999999985,4.32,-5.3,True,https://www.stats.gov.cn/sj/ndsj/2025/html/C02-07.jpg,NBS 2025年鉴OCR候选经中英文表回退和算术校正；粗死亡率只作为健康结局敏感性/边界检验。,6,2018;2019;2021;2022;2023;2024,5,True,17785.07,0.967741935483871,0.7419354838709677,0.8387096774193549,-0.2258064516129032,freshness_boundary_bridge_available,freshness_bridge_not_same_cause_replacement,GBD2021省级NCD总负担用于新鲜度桥接；核心四病种/风险SEV仍保持GBD2017同构口径。,True,0.8274193548387097,NCD健康结局高压锚点,0.8655913978494624,高一致性,0.967741935483871,1.0,2.2299999999999995,age_standardized_ncd_anchor_plus_crude_mortality_sensitivity,GBD2021提供省级NCD年龄标化死亡率/DALY率健康结局锚点，NBS提供多年全因粗死亡率敏感性；该表用于中国A/D层健康结局校准和答辩边界，不构成省级政策降低死亡率或DALY的强因果面板。,True,9.21,33.77,,,911.9,5,0.4599999999999999,supplemental_candidate_not_used_in_core_score,由macOS Vision OCR从国家统计局年鉴静态图片抽取，作为C层增强候选；不进入主评分，需人工复核后才能作为硬数值。,True,2,True,True,False,False,False,True,field_level_reviewed_partial,OCR候选已完成字段级机器复核；通过QC的字段可作为补充解释，未通过字段不得进入核心C层评分。
重庆市,2024,23815.0,34.56,28.8,21057.0,0.19999999999999996,0.13097782210191378,0.3870967741935484,0.3225806451612903,0.3870967741935484,0.6451612903225806,0.37258064516129036,人均资源中位,NBS省级卫生人员/机构 + 第七次人口普查人口与老龄化；人口为2020口径，资源为最新年份口径；已补省级PM2.5环境风险暴露；已接入GBD 2017中国省级四类疾病DALY率和十大风险SEV；已补GBD 2021省级NCD总负担边界字段；已接入NHC国家慢病综合防控示范区省级执行强度；已接入NHSA DRG/DIP省级政策暴露时间线种子；已补地方政策执行指标：省级评分仅纳入DRG/DIP和慢病示范区，家庭医生/分级诊疗/健康城市作为国家政策里程碑进入政策包；已补NBS 2025年鉴死亡率/城镇化/GDP OCR解释变量候选，不进入核心因果回归；已补NBS 2018-2024年鉴分省粗死亡率OCR健康结局敏感性面板，不作为强因果主结论；已补GBD2021年龄标化NCD健康结局锚点与NBS粗死亡率敏感性一致性校验；已补NBS床位/医保/财政OCR候选字段级QC但不纳入核心评分,2024,2019,32054159.0,21.87,17.08,True,107.81752221295216,742.9613111983379,0.22580645161290322,0.5161290322580645,0.967741935483871,相对均衡观察型,2024,33.3397260273973,33.3397260273973,33.3397260273973,1.0,ScienceDB city PM2.5 aggregated with 2020 prefecture-city population weights where matched; falls back to city mean if unmatched.,0.6451612903225806,ScienceDB 342-city PM2.5 + leiii/census 2020 prefecture-city population weights,https://www.scidb.cn/en/detail?dataSetId=84279e24dec04d4ba68c1fadb70ff1ce ; https://github.com/leiii/census,True,0.6592741935483871,省级压力中位,优先做慢病早筛、基层连续管理和资源短板补强,2017,5408.29,2872.76,4787.41,1057.62,2017,6.66,53.42,6.93,1.45,8.3,46.9,10.09,2021,652.4,-45.8,20224.5,-40.7,0.3225806451612903,0.967741935483871,0.7419354838709677,0.5806451612903226,0.5645161290322581,0.5483870967741935,0.5483870967741935,0.45161290322580644,0.45161290322580644,0.5806451612903226,0.2903225806451613,0.6532258064516129,0.49078341013824883,0.6592741935483871,0.37258064516129036,0.28669354838709676,0.8387096774193549,低压低响应型,"高钠饮食(46.9,P58) / 高收缩压(6.7,P56) / PM2.5(53.4,P55)",心血管疾病(5408.3) / 肿瘤(4787.4) / 慢性呼吸系统疾病(2872.8),True,True,True,0.6774193548387096,1.0,0.0,1.0,True,False,2019,0.47,中政策暴露,True,该省存在DRG或DIP国家试点城市，可作为省级D层政策暴露时间线种子。,NHSA DRG 2019国家试点名单 + NHSA DIP 2020国家试点名单,该表只刻画政策暴露/先行试点，不估计政策对健康结果的省级因果效应。,0.47,0.48894354838709675,中政策暴露；慢病政策执行中位,14,4,4.367607960015422,0.5120967741935484,慢病政策执行中位,D层政策暴露中位,0.4889435483870967,地方政策执行中位,2,3,True,True,True,家庭医生签约、分级诊疗、健康促进/健康城市已补国家级政策里程碑；因缺统一省级执行强度，不进入省级差异评分，只进入政策包解释。,provincial_scored_for_payment_and_chronic_national_milestones_for_policy_package,省级可计分政策执行仅使用NHSA DRG/DIP和NHC慢病示范区；家庭医生、分级诊疗、健康城市作为国家级政策菜单，不伪装成省级强弱差异。,True,5.99,8.87,-2.88,False,72.14,32193.2,5,0.72,supplemental_explanatory_candidate_not_used_for_core_causal_claim,来自国家统计局2025年鉴静态图片的macOS Vision OCR候选字段；可用于解释省级经济、城镇化和人口压力差异，不进入健康结果因果主回归，需人工复核后才能作为硬数值。,True,0.7741935483870968,0.4838709677419355,2024,8.87,-0.0300000000000011,5.99,-2.88,True,https://www.stats.gov.cn/sj/ndsj/2025/html/C02-07.jpg,NBS 2025年鉴OCR候选经中英文表回退和算术校正；粗死亡率只作为健康结局敏感性/边界检验。,6,2018;2019;2021;2022;2023;2024,6,True,14126.079999999998,0.7096774193548387,0.6774193548387096,0.6774193548387096,-0.0322580645161291,freshness_boundary_bridge_available,freshness_bridge_not_same_cause_replacement,GBD2021省级NCD总负担用于新鲜度桥接；核心四病种/风险SEV仍保持GBD2017同构口径。,True,0.6951612903225807,NCD健康结局高压锚点,0.9301075268817204,高一致性,0.8064516129032258,0.8709677419354839,1.3299999999999992,age_standardized_ncd_anchor_plus_crude_mortality_sensitivity,GBD2021提供省级NCD年龄标化死亡率/DALY率健康结局锚点，NBS提供多年全因粗死亡率敏感性；该表用于中国A/D层健康结局校准和答辩边界，不构成省级政策降低死亡率或DALY的强因果面板。,True,9.14,24.79,3133.7,765.9,644.3,9,0.7555555555555555,supplemental_candidate_not_used_in_core_score,由macOS Vision OCR从国家统计局年鉴静态图片抽取，作为C层增强候选；不进入主评分，需人工复核后才能作为硬数值。,True,4,False,True,True,True,True,True,field_level_reviewed_high_confidence,OCR候选已完成字段级机器复核；通过QC的字段可作为补充解释，未通过字段不得进入核心C层评分。
陕西省,2024,35426.0,47.96,43.56,35404.0,0.101010101010101,0.0006213987120098352,0.6129032258064516,0.6129032258064516,0.03225806451612903,0.0967741935483871,0.5290322580645161,人均资源中位,NBS省级卫生人员/机构 + 第七次人口普查人口与老龄化；人口为2020口径，资源为最新年份口径；已补省级PM2.5环境风险暴露；已接入GBD 2017中国省级四类疾病DALY率和十大风险SEV；已补GBD 2021省级NCD总负担边界字段；已接入NHC国家慢病综合防控示范区省级执行强度；已接入NHSA DRG/DIP省级政策暴露时间线种子；已补地方政策执行指标：省级评分仅纳入DRG/DIP和慢病示范区，家庭医生/分级诊疗/健康城市作为国家政策里程碑进入政策包；已补NBS 2025年鉴死亡率/城镇化/GDP OCR解释变量候选，不进入核心因果回归；已补NBS 2018-2024年鉴分省粗死亡率OCR健康结局敏感性面板，不作为强因果主结论；已补GBD2021年龄标化NCD健康结局锚点与NBS粗死亡率敏感性一致性校验；已补NBS床位/医保/财政OCR候选字段级QC但不纳入核心评分,2024,2019,39528999.0,19.2,13.32,True,121.32864786178875,896.2028104986924,0.7096774193548387,0.7741935483870968,0.5483870967741935,相对均衡观察型,2024,39.20508941190747,36.28821917808222,36.28821917808222,10.0,ScienceDB city PM2.5 aggregated with 2020 prefecture-city population weights where matched; falls back to city mean if unmatched.,0.9032258064516129,ScienceDB 342-city PM2.5 + leiii/census 2020 prefecture-city population weights,https://www.scidb.cn/en/detail?dataSetId=84279e24dec04d4ba68c1fadb70ff1ce ; https://github.com/leiii/census,True,0.46048387096774196,省级压力中位,优先联动PM2.5治理、心肺慢病筛查和老龄高风险人群防护,2017,6442.29,1239.23,3569.01,955.34,2017,6.56,53.25,7.04,1.27,7.86,47.94,11.06,2021,607.8,-43.9,18920.9,-40.1,0.6451612903225806,0.3548387096774194,0.2903225806451613,0.25806451612903225,0.5161290322580645,0.5161290322580645,0.6129032258064516,0.1774193548387097,0.3870967741935484,0.7419354838709677,0.5806451612903226,0.3870967741935484,0.5046082949308756,0.46048387096774196,0.5290322580645161,-0.06854838709677419,0.4838709677419355,相对均衡型,"高钠饮食(47.9,P74) / 吸烟(7.0,P61) / 饮酒(11.1,P58)",心血管疾病(6442.3) / 肿瘤(3569.0) / 慢性呼吸系统疾病(1239.2),True,True,True,0.3548387096774194,1.0,1.0,2.0,True,True,2019,0.94,高政策暴露,True,该省存在DRG或DIP国家试点城市，可作为省级D层政策暴露时间线种子。,NHSA DRG 2019国家试点名单 + NHSA DIP 2020国家试点名单,该表只刻画政策暴露/先行试点，不估计政策对健康结果的省级因果效应。,0.94,0.7866370967741936,高政策暴露；慢病政策执行中位,15,7,3.7946824810818,0.5991935483870968,慢病政策执行中位,D层政策暴露高位,0.7866370967741936,地方政策执行高位,2,3,True,True,True,家庭医生签约、分级诊疗、健康促进/健康城市已补国家级政策里程碑；因缺统一省级执行强度，不进入省级差异评分，只进入政策包解释。,provincial_scored_for_payment_and_chronic_national_milestones_for_policy_package,省级可计分政策执行仅使用NHSA DRG/DIP和NHC慢病示范区；家庭医生、分级诊疗、健康城市作为国家级政策菜单，不伪装成省级强弱差异。,True,7.36,,-0.69,False,66.14,35538.8,4,0.7,supplemental_explanatory_candidate_not_used_for_core_causal_claim,来自国家统计局2025年鉴静态图片的macOS Vision OCR候选字段；可用于解释省级经济、城镇化和人口压力差异，不进入健康结果因果主回归，需人工复核后才能作为硬数值。,True,0.5161290322580645,0.5806451612903226,2024,8.05,-0.0899999999999998,7.36,-0.69,True,https://www.stats.gov.cn/sj/ndsj/2025/html/C02-07.jpg,NBS 2025年鉴OCR候选经中英文表回退和算术校正；粗死亡率只作为健康结局敏感性/边界检验。,6,2018;2019;2021;2022;2023;2024,6,True,12205.87,0.3548387096774194,0.3548387096774194,0.4838709677419355,0.0,freshness_boundary_bridge_available,freshness_bridge_not_same_cause_replacement,GBD2021省级NCD总负担用于新鲜度桥接；核心四病种/风险SEV仍保持GBD2017同构口径。,True,0.4129032258064516,NCD健康结局中位锚点,0.8817204301075269,高一致性,0.5483870967741935,0.5161290322580645,1.8100000000000005,age_standardized_ncd_anchor_plus_crude_mortality_sensitivity,GBD2021提供省级NCD年龄标化死亡率/DALY率健康结局锚点，NBS提供多年全因粗死亡率敏感性；该表用于中国A/D层健康结局校准和答辩边界，不构成省级政策降低死亡率或DALY的强因果面板。,True,9.86,20.77,3716.1,929.2,756.0,9,0.7777777777777778,supplemental_candidate_not_used_in_core_score,由macOS Vision OCR从国家统计局年鉴静态图片抽取，作为C层增强候选；不进入主评分，需人工复核后才能作为硬数值。,True,5,True,True,True,True,True,False,field_level_reviewed_high_confidence,OCR候选已完成字段级机器复核；通过QC的字段可作为补充解释，未通过字段不得进入核心C层评分。
青海省,2024,6914.0,7.65,6.2,6513.0,0.2338709677419355,0.06156916935360046,0.06451612903225806,0.12903225806451613,0.5161290322580645,0.2903225806451613,0.7870967741935484,人均资源高位,NBS省级卫生人员/机构 + 第七次人口普查人口与老龄化；人口为2020口径，资源为最新年份口径；已补省级PM2.5环境风险暴露；已接入GBD 2017中国省级四类疾病DALY率和十大风险SEV；已补GBD 2021省级NCD总负担边界字段；已接入NHC国家慢病综合防控示范区省级执行强度；已接入NHSA DRG/DIP省级政策暴露时间线种子；已补地方政策执行指标：省级评分仅纳入DRG/DIP和慢病示范区，家庭医生/分级诊疗/健康城市作为国家政策里程碑进入政策包；已补NBS 2025年鉴死亡率/城镇化/GDP OCR解释变量候选，不进入核心因果回归；已补NBS 2018-2024年鉴分省粗死亡率OCR健康结局敏感性面板，不作为强因果主结论；已补GBD2021年龄标化NCD健康结局锚点与NBS粗死亡率敏感性一致性校验；已补NBS床位/医保/财政OCR候选字段级QC但不纳入核心评分,2024,2019,5923957.0,12.14,8.68,True,129.13665646121333,1167.1252846703646,0.9354838709677419,0.9354838709677419,0.12903225806451613,资源储备较强型,2024,25.710857059282542,17.47076721927278,17.47076721927278,8.0,ScienceDB city PM2.5 aggregated with 2020 prefecture-city population weights where matched; falls back to city mean if unmatched.,0.2903225806451613,ScienceDB 342-city PM2.5 + leiii/census 2020 prefecture-city population weights,https://www.scidb.cn/en/detail?dataSetId=84279e24dec04d4ba68c1fadb70ff1ce ; https://github.com/leiii/census,True,0.4157258064516129,省级压力中位,,2017,5896.35,2053.08,3864.35,1044.77,2017,6.53,41.86,8.1,1.26,6.41,48.6,9.4,2021,868.9,-32.7,24794.2,-32.7,0.45161290322580644,0.8064516129032258,0.45161290322580644,0.5161290322580645,0.45161290322580644,0.2903225806451613,0.9354838709677419,0.11290322580645161,0.0967741935483871,0.8387096774193549,0.06451612903225806,0.5564516129032258,0.39861751152073727,0.4157258064516129,0.7870967741935484,-0.3713709677419355,0.06451612903225806,相对均衡型,"吸烟(8.1,P94) / 高钠饮食(48.6,P84) / 高收缩压(6.5,P45)",心血管疾病(5896.4) / 肿瘤(3864.3) / 慢性呼吸系统疾病(2053.1),True,True,True,0.967741935483871,1.0,1.0,2.0,True,True,2019,0.94,高政策暴露,True,该省存在DRG或DIP国家试点城市，可作为省级D层政策暴露时间线种子。,NHSA DRG 2019国家试点名单 + NHSA DIP 2020国家试点名单,该表只刻画政策暴露/先行试点，不估计政策对健康结果的省级因果效应。,0.94,0.6650645161290323,高政策暴露；慢病政策执行低位,6,4,10.128365212644184,0.3290322580645162,慢病政策执行低位,D层政策暴露中位,0.6650645161290323,地方政策执行中位,2,3,True,True,True,家庭医生签约、分级诊疗、健康促进/健康城市已补国家级政策里程碑；因缺统一省级执行强度，不进入省级差异评分，只进入政策包解释。,provincial_scored_for_payment_and_chronic_national_milestones_for_policy_package,省级可计分政策执行仅使用NHSA DRG/DIP和NHC慢病示范区；家庭医生、分级诊疗、健康城市作为国家级政策菜单，不伪装成省级强弱差异。,True,10.11,7.41,2.7,False,63.86,3950.8,5,0.9,supplemental_explanatory_candidate_not_used_for_core_causal_claim,来自国家统计局2025年鉴静态图片的macOS Vision OCR候选字段；可用于解释省级经济、城镇化和人口压力差异，不进入健康结果因果主回归，需人工复核后才能作为硬数值。,True,0.45161290322580644,0.06451612903225806,2024,7.41,-0.1600000000000001,10.11,2.7,True,https://www.stats.gov.cn/sj/ndsj/2025/html/C02-07.jpg,NBS 2025年鉴OCR候选经中英文表回退和算术校正；粗死亡率只作为健康结局敏感性/边界检验。,6,2018;2019;2021;2022;2023;2024,5,True,12858.55,0.4838709677419355,0.967741935483871,1.0,0.4838709677419355,freshness_boundary_bridge_available,freshness_bridge_not_same_cause_replacement,GBD2021省级NCD总负担用于新鲜度桥接；核心四病种/风险SEV仍保持GBD2017同构口径。,True,0.8467741935483871,NCD健康结局高压锚点,0.6129032258064517,低一致性需解释,0.3870967741935484,0.3870967741935484,1.16,age_standardized_ncd_anchor_plus_crude_mortality_sensitivity,GBD2021提供省级NCD年龄标化死亡率/DALY率健康结局锚点，NBS提供多年全因粗死亡率敏感性；该表用于中国A/D层健康结局校准和答辩边界，不构成省级政策降低死亡率或DALY的强因果面板。,True,9.32,4.43,546.1,159.6,149.5,9,0.7555555555555555,supplemental_candidate_not_used_in_core_score,由macOS Vision OCR从国家统计局年鉴静态图片抽取，作为C层增强候选；不进入主评分，需人工复核后才能作为硬数值。,True,4,True,False,True,True,True,True,field_level_reviewed_high_confidence,OCR候选已完成字段级机器复核；通过QC的字段可作为补充解释，未通过字段不得进入核心C层评分。
黑龙江省,2024,22535.0,34.45,30.56,20375.0,0.1272905759162306,0.10601226993865032,0.3548387096774194,0.2903225806451613,0.0967741935483871,0.5806451612903226,0.29838709677419356,人均资源低位,NBS省级卫生人员/机构 + 第七次人口普查人口与老龄化；人口为2020口径，资源为最新年份口径；已补省级PM2.5环境风险暴露；已接入GBD 2017中国省级四类疾病DALY率和十大风险SEV；已补GBD 2021省级NCD总负担边界字段；已接入NHC国家慢病综合防控示范区省级执行强度；已接入NHSA DRG/DIP省级政策暴露时间线种子；已补地方政策执行指标：省级评分仅纳入DRG/DIP和慢病示范区，家庭医生/分级诊疗/健康城市作为国家政策里程碑进入政策包；已补NBS 2025年鉴死亡率/城镇化/GDP OCR解释变量候选，不进入核心因果回归；已补NBS 2018-2024年鉴分省粗死亡率OCR健康结局敏感性面板，不作为强因果主结论；已补GBD2021年龄标化NCD健康结局锚点与NBS粗死亡率敏感性一致性校验；已补NBS床位/医保/财政OCR候选字段级QC但不纳入核心评分,2024,2019,31850088.0,23.22,15.61,True,108.16296645710995,707.5333669407759,0.25806451612903225,0.41935483870967744,0.8225806451612904,高龄承压资源短板型,2024,32.51945005683872,27.819388830347737,27.819388830347737,13.0,ScienceDB city PM2.5 aggregated with 2020 prefecture-city population weights where matched; falls back to city mean if unmatched.,0.6129032258064516,ScienceDB 342-city PM2.5 + leiii/census 2020 prefecture-city population weights,https://www.scidb.cn/en/detail?dataSetId=84279e24dec04d4ba68c1fadb70ff1ce ; https://github.com/leiii/census,True,0.7314516129032258,省级压力高位,优先做慢病早筛、基层连续管理和资源短板补强,2017,9441.15,1347.72,5855.03,1238.41,2017,7.49,48.04,6.8,1.89,9.48,36.81,11.74,2021,731.7,-43.4,22739.6,-36.6,1.0,0.4838709677419355,0.9354838709677419,0.8709677419354839,0.8387096774193549,0.3870967741935484,0.4838709677419355,0.8387096774193549,0.5806451612903226,0.16129032258064516,0.6451612903225806,0.8225806451612904,0.5622119815668202,0.7314516129032258,0.29838709677419356,0.43306451612903224,0.967741935483871,高压低响应型,"高收缩压(7.5,P84) / 高血糖(1.9,P84) / 饮酒(11.7,P65)",心血管疾病(9441.1) / 肿瘤(5855.0) / 慢性呼吸系统疾病(1347.7),True,True,True,0.9354838709677419,1.0,3.0,4.0,True,True,2019,0.98,高政策暴露,True,该省存在DRG或DIP国家试点城市，可作为省级D层政策暴露时间线种子。,NHSA DRG 2019国家试点名单 + NHSA DIP 2020国家试点名单,该表只刻画政策暴露/先行试点，不估计政策对健康结果的省级因果效应。,0.98,0.7451290322580646,高政策暴露；慢病政策执行中位,11,7,3.453679625626152,0.4580645161290322,慢病政策执行中位,D层政策暴露高位,0.7451290322580646,地方政策执行高位,2,3,True,True,True,家庭医生签约、分级诊疗、健康促进/健康城市已补国家级政策里程碑；因缺统一省级执行强度，不进入省级差异评分，只进入政策包解释。,provincial_scored_for_payment_and_chronic_national_milestones_for_policy_package,省级可计分政策执行仅使用NHSA DRG/DIP和NHC慢病示范区；家庭医生、分级诊疗、健康城市作为国家级政策菜单，不伪装成省级强弱差异。,True,3.35,,-6.34,False,68.05,16476.9,4,0.625,supplemental_explanatory_candidate_not_used_for_core_causal_claim,来自国家统计局2025年鉴静态图片的macOS Vision OCR候选字段；可用于解释省级经济、城镇化和人口压力差异，不进入健康结果因果主回归，需人工复核后才能作为硬数值。,True,0.6451612903225806,0.22580645161290322,2024,9.69,-0.1500000000000003,3.35,-6.34,True,https://www.stats.gov.cn/sj/ndsj/2025/html/C02-07.jpg,NBS 2025年鉴OCR候选经中英文表回退和算术校正；粗死亡率只作为健康结局敏感性/边界检验。,6,2018;2019;2021;2022;2023;2024,5,True,17882.309999999998,1.0,0.935483870967742,0.935483870967742,-0.0645161290322581,freshness_boundary_bridge_available,freshness_bridge_not_same_cause_replacement,GBD2021省级NCD总负担用于新鲜度桥接；核心四病种/风险SEV仍保持GBD2017同构口径。,True,0.9516129032258064,NCD健康结局高压锚点,0.956989247311828,高一致性,1.0,0.935483870967742,3.0199999999999996,age_standardized_ncd_anchor_plus_crude_mortality_sensitivity,GBD2021提供省级NCD年龄标化死亡率/DALY率健康结局锚点，NBS提供多年全因粗死亡率敏感性；该表用于中国A/D层健康结局校准和答辩边界，不构成省级政策降低死亡率或DALY的强因果面板。,True,9.16,27.3,,,616.0,6,0.75,supplemental_candidate_not_used_in_core_score,由macOS Vision OCR从国家统计局年鉴静态图片抽取，作为C层增强候选；不进入主评分，需人工复核后才能作为硬数值。,True,3,True,True,False,False,True,True,field_level_reviewed_partial,OCR候选已完成字段级机器复核；通过QC的字段可作为补充解释，未通过字段不得进入核心C层评分。
