iso3,year,analysis_population_total,gbd_rate_cardiovascular_diseases,gbd_rate_chronic_respiratory_diseases,gbd_rate_neoplasms,gbd_rate_diabetes_kidney,gbd_rate_cardiovascular_diseases_per100k,gbd_rate_chronic_respiratory_diseases_per100k,gbd_rate_neoplasms_per100k,gbd_rate_diabetes_kidney_per100k,life_expectancy,life_expectancy_male,life_expectancy_female,hdi,population_thousands,pop_density,median_age,pop_growth_rate,tfr,wdi_population_65_plus_pct,wdi_population_total,wdi_urban_population_pct,wdi_gdp_per_capita,wdi_gini,dbd_smoking,dbd_pm25,dbd_high_bmi,dbd_high_glucose,dbd_high_sbp,dbd_dietary_risks,dbd_smoking_per100k,dbd_pm25_per100k,dbd_high_bmi_per100k,dbd_high_glucose_per100k,dbd_high_sbp_per100k,dbd_dietary_risks_per100k,wdi_diabetes_prevalence,wdi_pm25,mpower_group,beds_10k,doctors_10k,nurses_10k,uhc_index,che_pct_gdp,che_pc_usd,govt_he_pct,ext_he_pct,wdi_health_expenditure_per_capita,wdi_government_health_expenditure_pct,wdi_external_health_expenditure_pct,wdi_hospital_beds,wdi_physicians,wdi_nurses_midwives,wdi_out_of_pocket_pct,wb_hnp_hci,wb_hnp_skilled_birth_attendance,wb_hnp_immunization_dpt,wb_hnp_immunization_measles,wb_hnp_immunization_hepb3,vulnerability_type_code,vulnerability_type_label,overall_vulnerability_score,burden_pressure_score,risk_pressure_score,combined_pressure_score,resource_response_score,context_support_score,adjusted_response_score,adaptation_gap_score,response_diagnosis_type,component__beds_10k,component__doctors_10k,component__nurses_10k,component__uhc_index,component__che_pct_gdp,component__che_pc_usd,component__govt_he_pct,component__wdi_health_expenditure_per_capita,component__wdi_government_health_expenditure_pct,component__wdi_hospital_beds,component__wb_hnp_immunization_dpt,component__wb_hnp_immunization_measles,component__wb_hnp_immunization_hepb3,component__ext_he_pct,component__wdi_external_health_expenditure_pct,component__wdi_out_of_pocket_pct,weakest_resource_components,dominant_risk_triplet
AFG,2023,41454761.0,53148.62525903499,4398.881414504418,10155.160292733302,6302.473008237649,128.20873640794838,10.611281571504945,24.496969823884168,15.20325496084189,66.0346,64.4667,67.5357,0.496,41454.761,63.8457,16.9404,2.846,4.8403,2.37753752819851,41454761.0,25.4730529631167,9005.93663621853,,7793.921427700619,30691.34360975992,9560.827867902462,10905.80159866672,31503.55058450196,19739.868720425824,18.80102849393009,74.03575094730354,23.06328063959279,26.307717945031015,75.9950119710061,47.617856777478046,,,,3.525529744,3.17,5.49,42.0,14.9857626,59.06770706,1.65323246,21.20718193,,,,,,,,,,,,,2.0,类型2-低缓冲低承载型,-0.2078197986898592,0.11237046632124352,0.26302533103051234,0.18769789867587794,0.22887995544152354,0.13572163439848547,0.21024829123291594,-0.022550392557038,低压低响应型,0.01935483870967742,0.17439106901217863,0.07765023632680622,0.18199481865284975,0.9896224332082137,0.22912063632346444,0.0006623978803267829,,,,,,,0.15824321341867137,,,component__govt_he_pct / component__beds_10k / component__nurses_10k,高收缩压 / 高血糖 / 膳食风险
AGO,2023,36749906.0,30514.224438421406,6675.303963721912,19250.04360373612,8793.740406941472,83.03211561526554,18.164138878945465,52.38120501243221,23.92860653015404,64.617,62.0991,67.1445,0.616,36749.906,29.4777,16.4524,3.064,5.1239,2.81144936806097,36749906.0,69.8515032220457,369790.1664034521,,7608.985388383397,18265.99934816333,7169.09727818469,9818.803493342788,16881.006393785625,11803.935493589674,20.704775104413592,49.703526719669235,19.50779759323654,26.71790097461144,45.93482876877461,32.11963451985339,,,,,,,44.0,2.54692864,76.07118225,44.52539825,7.16891336,,,,,,,,,,,,,3.0,类型3-相对稳健型,-0.4471399082288371,0.23299870466321243,0.15738341968911918,0.1951910621761658,0.25113504140549336,0.5033489593342104,0.3015778249912368,-0.106386762815071,低压低响应型,,,,0.20174870466321243,0.051225436078604546,0.28722934158197083,0.4011923161845882,,,,,,,0.3142794085190907,,,component__che_pct_gdp / component__uhc_index / component__che_pc_usd,高收缩压 / 高血糖 / 膳食风险
ALB,2023,2414095.0,10585.918564220432,1097.0838925192477,4379.159352788368,636.1342758468534,438.50463897321487,45.44493454148439,181.39962813345656,26.350838548062665,79.6019,77.7278,81.4459,0.81,2811.655,102.6226,36.2768,-0.711,1.3479,16.3020000675759,2414095.0,58.2106086137857,264992.0707801872,,3797.243645367504,2321.5893018413967,1413.0523813048403,1839.3590156027983,6251.96793244796,3684.458297327085,157.29470652014538,96.16810033745136,58.53342065266033,76.19248685750968,258.97770934648224,152.6227550004074,,,,,,,71.0,7.05240345,590.62799072,49.59543228,0.87209868,,,,,,,,,,,,,1.0,类型1-高负担转型承压型,0.2594692664423628,0.6751403281519862,0.7637449625791595,0.7194426453655729,0.5860940590191814,0.7362875067933585,0.6161327485740169,0.103309896791556,高压高响应型,,,,0.5765328151986183,0.6601898873923604,0.6851524524966858,0.47228968867299626,,,,,,,0.5363054513352461,,,component__govt_he_pct / component__ext_he_pct / component__uhc_index,高收缩压 / 吸烟 / 高血糖
AND,2023,80856.0,175.3657386091529,34.1917307134299,224.6406153110692,27.81059635942728,216.88648784153668,42.287190453930315,277.8280094378515,34.39521663132888,84.0406,82.1004,86.1073,0.913,80.856,172.034,43.1623,1.39,1.0815,15.4181507865836,80856.0,88.8201609217082,43207.420099876006,,83.33516707066683,25.48137370904086,48.872205553486424,45.26217822087774,97.76368359195205,65.46256093246521,103.06615102239392,31.514511859405435,60.44351137019692,55.97875014949756,120.91085830606517,80.96190874204166,,,,,50.43,47.22,75.0,7.69928026,3605.19799805,70.80240631,0.0,4647.50708324991,71.12071228,,,,,10.98071861,,,,,,1.0,类型1-高负担转型承压型,-0.1895240367844691,0.6793501727115717,0.5181706966033391,0.5987604346574554,0.809618936721886,0.8193144730658004,0.8115580439906689,-0.21279760933321346,相对均衡型,,0.9682002706359946,0.5580688723835247,0.677461139896373,0.7228968867299624,0.910958904109589,0.7721351291675866,0.94287680660702,0.7811780947998159,,,,,0.8787243434120503,,0.8836889194769443,component__nurses_10k / component__uhc_index / component__che_pct_gdp,高收缩压 / 吸烟 / 高血糖
ARE,2023,10483751.0,4793.097139554908,413.4692190673581,2941.319861912613,1575.1883769364315,45.71929588517418,3.9439053738242937,28.05598742198869,15.02504568199332,82.9091,81.9778,84.2043,0.94,10642.081,149.8378,31.2317,3.704,1.2,1.69563170962521,10483751.0,85.6680699002526,83713.80155712101,,1313.098943217375,2296.238991146151,2135.124368692737,2311.7110745828713,2769.1135597067296,2102.2709988157735,12.525087091608482,21.90283793602262,20.36603472070957,22.05041949759081,26.413385435296295,20.05266052976433,,,,,29.92,61.56,84.0,4.97095108,2401.52026367,66.77935791,0.0,,,,,,,,,,,,,3.0,类型3-相对稳健型,-1.3461778279365455,0.023909758203799654,0.07012809441565919,0.047018926309729425,0.7414593877846996,0.6423194114579188,0.7216313925193435,-0.674612466209614,相对均衡型,,0.7073748308525034,0.6897366644159352,0.935880829015544,0.3954515345550894,0.8740609809986744,0.7089865312431001,,,,,,,0.8787243434120503,,,component__che_pct_gdp / component__nurses_10k / component__doctors_10k,高收缩压 / 高血糖 / 膳食风险
ARG,2023,45538401.0,106108.61257818872,17971.570022034186,83654.44702150741,29253.208995485427,233.00908738141405,39.46464879615379,183.70088800770017,64.23855109775468,77.3947,74.8049,79.8754,0.865,45538.401,16.3114,32.1217,0.349,1.5,12.2030217969226,45538401.0,92.1945132257907,617950.4695660194,42.4,34205.16208318126,23641.094344083293,37090.46393206088,31285.868254042853,56947.554266817526,42809.46758916412,75.11278686131571,51.91463429750924,81.44876218218747,68.70216688996798,125.05391716941824,94.00740177320702,,,,,50.88,64.87,80.0,10.2695179,1456.98596191,60.22618103,0.84831756,,,,,,,,,,,,,1.0,类型1-高负担转型承压型,-0.129496812094794,0.7307318652849741,0.5846646516983305,0.6576982584916523,0.7731450618915643,0.7284013813954567,0.7641963257923428,-0.10649806730069045,相对均衡型,,0.9702300405953992,0.724848075624578,0.8287996545768567,0.9165378670788253,0.8179407865665046,0.6144844336498123,,,,,,,0.5391745751489737,,,component__ext_he_pct / component__govt_he_pct / component__nurses_10k,高收缩压 / 吸烟 / 高血糖
ARM,2023,2964300.0,12503.833429275632,483.1203969737001,4612.4583127460555,649.1723302945178,421.81403465491456,16.29795894388895,155.6002534408142,21.899683915073297,75.6827,71.3852,79.4535,0.811,2943.393,103.4076,35.8324,2.789,1.714,13.2110458915952,2964300.0,65.6956882008852,796732.1941644744,27.2,4225.801305627855,3779.1573217497744,2114.5605154523505,2105.693790953661,8189.440564936012,4598.672083335356,142.55646545990132,127.48903018418426,71.33422782621025,71.03511085091458,276.26895270168376,155.13517806346712,,,,42.399974451,,,69.0,9.32119179,766.95874023,15.71054554,0.38765869,,,,,,,,,,,,,1.0,类型1-高负担转型承压型,0.0435822661516757,0.4996221934369603,0.8025331030512378,0.6510776482440991,0.5809189133234894,0.7832172112752953,0.6213785729138507,0.029699075330248403,相对均衡型,0.6994906621392191,,,0.5153281519861831,0.8661956281739899,0.7264692885550155,0.0763965555310223,,,,,,,0.6016331935555065,,,component__govt_he_pct / component__uhc_index / component__ext_he_pct,高收缩压 / 吸烟 / 高血糖
ATG,2023,93316.0,188.7132652823903,8.868531298941798,131.3713881570402,107.58570246627744,202.23034129451577,9.503762804815675,140.78120382039543,115.29180683513808,77.5976,74.5494,80.2938,0.851,93.316,212.0807,35.4862,0.5,1.5783,11.2387545477439,93316.0,24.4500156687422,29434.85762596601,,37.956548996881885,16.15571376246534,92.36936864249084,95.06589764575064,131.43105823989453,86.19067354838688,40.675285049596944,17.312908571376116,98.98556372164563,101.87523859332872,140.84514792735922,92.3643036010833,,,,34.2,,,81.0,3.91348195,841.24884033,58.97968292,0.0,,,,,,,,,,,,,1.0,类型1-高负担转型承压型,0.0696106680328827,0.5503022452504318,0.5651986183074266,0.5577504317789292,0.6476138581731506,0.5335076456062408,0.6247926156597687,-0.06704218388083949,相对均衡型,0.59830220713073,,,0.8583765112262521,0.2132921174652241,0.7395050817498895,0.5974828880547582,,,,,,,0.8787243434120503,,,component__che_pct_gdp / component__govt_he_pct / component__beds_10k,高收缩压 / 吸烟 / 高血糖
AUS,2023,26659922.0,46460.72710915254,12366.197149775438,57555.18749657677,10903.714328479376,174.27180435543863,46.384971230506366,215.88655621939463,40.89927318046683,83.9228,82.098,85.7372,0.958,26451.124,3.4431,37.7512,0.985,1.638,17.384024966198,26659922.0,87.4866955653765,64885.113046111066,,15437.90656466426,4156.857654318285,15257.92654499268,18551.85815186927,22799.62373700929,18075.73238195835,57.90679569379183,15.592159850723815,57.23169987141253,69.58706837877946,85.52021921522986,67.80114503695229,,,,,42.28,139.15,89.0,10.39852047,6980.38525391,73.6608429,0.0,,,,,,,,,,,,,1.0,类型1-高负担转型承压型,-0.4252849129221353,0.6703367875647668,0.4305195739781232,0.550428180771445,0.9295955166828039,0.865020952374278,0.9166806038210988,-0.3662524230496539,相对均衡型,,0.9232070365358592,0.9753544902093181,0.9933074265975821,0.9216162508279974,0.9832081307998233,0.8317509383969971,,,,,,,0.8787243434120503,,,component__govt_he_pct / component__ext_he_pct / component__che_pct_gdp,高收缩压 / 吸烟 / 高血糖
AUT,2023,9131761.0,31265.35744195235,3765.092695921272,24416.449949797905,6370.458297704174,342.38037375214213,41.230740663506985,267.37942385699654,69.76155308602769,81.9559,79.5435,84.3191,0.93,9130.429,110.6464,43.0857,-0.124,1.3175,20.1640196753077,9131761.0,69.2265358276021,48011.93127136777,31.2,9503.099544582252,3671.475672765758,7981.237781471788,7881.366442511103,19046.43312178463,11329.768600915626,104.06645054094444,40.20556027217267,87.40086147098889,86.30719137865198,208.57349553700135,124.06992036821404,,,,,55.15,109.37,84.0,11.15297318,6267.93164063,76.50154114,0.0,7049.649005115365,,,,,,16.13623428,,,,,,1.0,类型1-高负担转型承压型,-0.0114445328301476,0.8313903281519861,0.6792602187679907,0.7553252734599885,0.91826039291966,0.7861415223211942,0.8918366187999669,-0.13651134533997844,高压高响应型,,0.9786874154262517,0.9223497636731938,0.935880829015544,0.9547361448443364,0.9761378700839594,0.8699492161625083,0.9855471438403304,,,,,,0.8787243434120503,,0.7623308098187658,component__wdi_out_of_pocket_pct / component__govt_he_pct / component__ext_he_pct,高收缩压 / 吸烟 / 高血糖
AZE,2023,10153958.0,35211.851107930845,1801.9024243565416,10862.668990444285,2926.452031961153,346.77956229414036,17.745813251901787,106.97965256941464,28.820801031096966,74.4286,71.5605,77.1338,0.789,10318.207,124.8301,32.5962,-0.26,1.6705,8.01054873196477,10153958.0,58.5075350483702,10436.325811080038,,11434.756852784723,9202.97321029188,7903.717648231541,6699.618841381298,22516.980573916942,15483.542038410029,112.61378915280844,90.63434387154132,77.83878609928799,65.98036786621826,221.75569934322104,152.48774949049454,,,,36.828089676,,,67.0,4.27113533,299.81060791,32.62691879,0.43997195,,,,,,,,,,,,,1.0,类型1-高负担转型承压型,0.2127611833517663,0.5202396373056994,0.7434153713298791,0.6318275043177892,0.4546441531713925,0.5196680984705903,0.4676489422312321,0.16417856208655712,相对均衡型,0.6278438030560272,,,0.46027633851468047,0.2735703245749614,0.5309323906319046,0.24089202914550673,,,,,,,0.5943500331052748,,,component__govt_he_pct / component__che_pct_gdp / component__uhc_index,高收缩压 / 吸烟 / 高血糖
BDI,2023,13689450.0,12090.691127532937,1737.179266828236,8321.92756888859,3802.4865939872457,88.32123370575836,12.689912792904288,60.79081021435186,27.776766736335247,63.6511,61.5995,65.6967,0.439,13689.45,527.5318,15.9017,2.71,4.8784,2.51029451549531,13689450.0,23.5534768372276,147932.64388037036,,2432.0808021153284,12336.504954342352,1388.562452476692,2237.8226680684247,7140.927160217201,5153.0664843622835,17.766095804545316,90.11687799248584,10.143303437878746,16.34706045946641,52.16372579042402,37.642611531962814,,,,,,7.94,48.0,9.09471226,28.14028931,14.73785591,57.42037582,,,,,,,,,,,,,2.0,类型2-低缓冲低承载型,-0.110507213842377,0.23046200345423143,0.16943724812895797,0.1999496257915947,0.23344112402232908,0.25860727765749913,0.23847435474936313,-0.03852472895776843,低压低响应型,,,0.12288993923024984,0.24568221070811744,0.8487524839920513,0.1005302695536898,0.06491499227202473,,,,,,,0.017876848377841537,,,component__ext_he_pct / component__govt_he_pct / component__che_pc_usd,高收缩压 / 高血糖 / 膳食风险
BEL,2023,11779946.0,26972.784847459432,7038.941415580742,32610.718373565414,4676.659121349307,228.9720585090919,59.75359662583123,276.8324945934847,39.70017452838329,82.115,79.8564,84.3286,0.951,11712.893,386.845,41.4401,0.253,1.3795,20.1452749547016,11779946.0,87.551492636772,46817.57617291883,26.8,12000.262162768204,3632.1563166817978,6550.207887658544,7731.84514414239,13606.674459657328,9073.062886927684,101.87026462403313,30.83338681418232,55.60473611388833,65.6356586366558,115.50710384968936,77.02126042791438,,,,54.219734252,33.91,,86.0,10.80371571,5931.01464844,73.65628815,0.01125566,,,,,,,,,,,,,1.0,类型1-高负担转型承压型,-0.1912890765732133,0.7512953367875648,0.5130253310305124,0.6321603339090386,0.861608691841616,0.8782201984921262,0.8649309931717181,-0.23277065926267948,相对均衡型,0.801358234295416,0.7855209742895806,,0.9693436960276338,0.9414881872378008,0.9701723376049491,0.8315301391035549,,,,,,,0.731847274332377,,,component__ext_he_pct / component__doctors_10k / component__beds_10k,高收缩压 / 吸烟 / 高血糖
BEN,2023,14111034.0,10584.310455784913,2050.127853486994,5128.323786943558,3637.3503618036248,75.0073343724132,14.528544495654916,36.34265063030504,25.776639485126495,60.7738,59.3475,62.2083,0.515,14111.034,125.1422,17.7722,2.507,4.5564,3.08788133145022,14111034.0,51.7457922964593,229052.2114518268,,1648.287822512596,11478.135543681658,2476.342706472328,2839.810476812442,6152.508599793678,3368.397691705996,11.680843675329504,81.34156252250301,17.548981219039852,20.124751147310977,43.60069290311169,23.870665265961343,,,,,2.16,6.11,38.0,3.33732462,46.52822113,14.66711426,38.42430878,,,,,,,,,,,,,2.0,类型2-低缓冲低承载型,-0.2631142467817208,0.1539291882556131,0.14784830166954518,0.15088874496257915,0.11518130926288372,0.40563650835508724,0.17327234908132444,-0.022383604118745293,低压低响应型,,0.1459742895805142,0.08558406482106684,0.1411917098445596,0.1278427909030691,0.17852408307556342,0.0633693972179289,,,,,,,0.063782829397484,,,component__govt_he_pct / component__ext_he_pct / component__nurses_10k,高收缩压 / 高血糖 / 膳食风险
BFA,2023,23025776.0,16054.704052718544,2996.664058586349,9714.16869223312,6819.767064367137,69.72492068331832,13.0143889986003,42.18823588066313,29.617968420986713,61.092,58.9209,63.2217,0.459,23025.776,84.1585,17.2537,2.26,4.1857,2.62071297835956,23025776.0,27.7872478365158,139626.50786573402,,3286.0009545002868,18189.998998788695,2623.4989876209797,3930.8937430399865,9641.697866518563,6960.970062334571,14.270967260778905,78.99841898396255,11.393748413173912,17.071710169681086,41.87349805938598,30.231207245022144,,,,,1.08,9.49,47.0,7.79943228,71.73455048,31.44460487,20.92311287,,,,,,,,,,,,,2.0,类型2-低缓冲低承载型,-0.3241026244723518,0.17746113989637305,0.13126079447322972,0.15436096718480138,0.26618162944141,0.27849982007987945,0.2686452675691039,-0.11428430038430251,低压低响应型,,0.08474289580514209,0.14821066846725187,0.23585924006908462,0.732612055641422,0.27507733097657977,0.22565687789799072,,,,,,,0.16111233723239904,,,component__doctors_10k / component__nurses_10k / component__ext_he_pct,高收缩压 / 高血糖 / 膳食风险
BGD,2023,171466990.0,408948.6140813718,160330.14131813965,157162.74794458807,51693.526249368464,238.49990839716253,93.50496052805244,91.65772837360012,30.14780060545091,74.6723,73.0316,76.3734,0.685,171466.99,1317.2543,25.325,1.214,2.163,6.32054805417649,171466990.0,32.1578465036834,67281.63193003577,,199148.50854371596,271271.0728102117,44693.04942340142,77062.52807601403,200843.01184084392,171316.28575349392,116.14393449358153,158.2060038554428,26.0651040899484,44.94306926132781,117.13217327769264,99.91210888666905,,,,9.24924405,7.22,6.64,54.0,2.17014575,53.46432495,14.48319054,3.49973083,,,,,,,,,,,,,1.0,类型1-高负担转型承压型,0.4508374513003491,0.6368199481865285,0.603483016695452,0.6201514824409903,0.18512152598430004,0.4593522363453783,0.2399676680565157,0.38018381438447457,相对均衡型,0.13276740237691,0.27080514208389717,0.09858203916272788,0.29371761658031087,0.021417531463899315,0.20415377817057004,0.0622654007507176,,,,,,,0.39726329728536747,,,component__che_pct_gdp / component__govt_he_pct / component__nurses_10k,高收缩压 / 吸烟 / 高血糖
BGR,2023,6446596.0,61862.07635261857,2123.7841799541875,18061.936224268768,4000.641100131634,959.6083941450428,32.944272914793906,280.1778834018569,62.05819474543828,75.6363,72.1634,79.213,0.845,6795.803,62.6942,44.314,-0.517,1.7494,21.8324383446666,6446596.0,73.7322671584613,20892.213908844624,39.5,14005.442666663266,11118.31568389997,13850.354123760431,12480.565300010996,43098.49093998792,25672.245526225608,217.253301845862,172.46800767257588,214.84755867686496,193.59930884471427,668.5464846872352,398.2294768622946,,,,81.997644135,43.92,46.83,73.0,7.91853094,1257.87597656,62.81087875,0.51729333,,,,,,,,,,,,,1.0,类型1-高负担转型承压型,0.676721397202941,0.8392163212435233,0.9811456534254462,0.9101809873344848,0.7316482491903289,0.6495422498211327,0.7152270493164897,0.1949539380179951,高压高响应型,0.9585738539898132,0.9372462787550744,0.5530047265361242,0.625107944732297,0.7449768160741885,0.7998232434821034,0.6535659085890925,,,,,,,0.5808872213639373,,,component__nurses_10k / component__ext_he_pct / component__uhc_index,高收缩压 / 吸烟 / 高血糖
BHR,2023,1577059.0,1287.1687052804828,220.227114976166,915.745445313466,947.4314665175496,81.61829743088133,13.964418260582894,58.06665732312272,60.075841583450554,81.2835,80.6723,81.9872,0.899,1569.666,2004.6814,32.8757,2.311,1.8235,3.63800440284889,1577059.0,100.0,28141.792346996102,,662.8777109837542,699.6959260635496,906.8838505205678,1086.9955795360172,798.982977000858,667.9437257557227,42.032524527221504,44.367136934226906,57.50475096496503,68.92548595429956,50.6628462854502,42.353756311952985,,,,,,,78.0,3.99562383,1175.81628418,59.2651329,0.0,,,,,,,,,,,,,3.0,类型3-相对稳健型,-0.5540310441175912,0.3544905008635578,0.35643350604490504,0.3554620034542314,0.6523048366991511,0.6708075388681458,0.6560053771329502,-0.30054337367871875,相对均衡型,,,,0.7638169257340242,0.22720247295208656,0.7912063632346443,0.6005740781629498,,,,,,,0.8787243434120503,,,component__che_pct_gdp / component__govt_he_pct / component__uhc_index,高收缩压 / 高血糖 / 膳食风险
BHS,2023,399440.0,968.9342169460753,56.21015862783984,703.9241975380148,368.12743337188,242.57315665583695,14.07224079407166,176.22776826006782,92.16088357998196,74.5518,70.9062,78.1872,0.82,399.44,74.5503,34.5965,0.463,1.3728,11.4979577684286,399440.0,81.3213799173676,31136.210882454307,,144.20283208453617,28.377079474552048,490.2841051067859,365.0863103262889,658.5570514762854,436.1218611377891,36.101249770813176,7.104215770717016,122.74286628950178,91.39953693327882,164.87008098244678,109.18332193515648,,,,21.73042259,,42.24,80.0,6.30260801,2262.33447266,50.55857849,0.51326126,,,,,,,,,,,,,1.0,类型1-高负担转型承压型,-0.0394352559583897,0.6264572538860104,0.5833693149107658,0.6049132843983881,0.6073070466197811,0.7063183014792576,0.6271092975916763,-0.022196013193288233,相对均衡型,0.39524617996604416,,0.5151924375422012,0.8287996545768567,0.5776109516449547,0.8694211224038887,0.4833296533451093,,,,,,,0.581549326859413,,,component__beds_10k / component__govt_he_pct / component__nurses_10k,高收缩压 / 吸烟 / 高血糖
BIH,2023,3185073.0,18554.380062107357,1168.2528189968898,9135.499099301,2741.602682562869,582.5417521704325,36.678996650842535,286.822283172191,86.07660429016444,77.8504,74.4237,80.9035,0.804,3185.073,62.2121,44.9153,-0.59,1.4855,21.642423894209,3185073.0,51.5657239834305,12316.395839268696,,6782.154245403419,6293.683488548452,3723.699467523328,5255.515821447019,11410.26299729533,7154.106578248547,212.9355981920483,197.59934822682095,116.91096146064244,165.0045641480437,358.2418047339992,224.61358274201396,,,,,,,64.0,8.9216938,772.88568115,67.29257202,1.27983189,,,,,,,,,,,,,1.0,类型1-高负担转型承压型,0.7432753001561514,0.8689550949913644,0.9423934945308002,0.9056742947610823,0.6346066462880369,0.5974069932842673,0.627166715687283,0.2785075790737993,高压高响应型,,,,0.39820811744386875,0.834179730624862,0.7271321254971277,0.7142857142857143,,,,,,,0.49922754358861177,,,component__uhc_index / component__ext_he_pct / component__govt_he_pct,高收缩压 / 吸烟 / 高血糖
BLR,2023,9178298.0,76520.44607175887,1212.0617970515357,21172.557304114165,1105.0569759606335,833.7106299202627,13.205735933301964,230.68064802552897,12.03988992251759,74.4339,69.5355,79.0653,0.824,9115.68,44.9247,40.5346,-0.653,1.2076,17.0619745317958,9178298.0,78.8146420666327,16963.400029304397,,19108.429513258296,7920.634853279555,12732.782245065517,8670.658296839298,49145.78714738361,28242.69825072728,208.191426267248,86.29742522284148,138.72705206417916,94.46913029887784,535.456433724244,307.711715731253,,,,97.65479946,47.29,108.15,80.0,7.08167362,558.22644043,66.75576019,0.0769902,,,,,,,,,,,,,1.0,类型1-高负担转型承压型,0.1348907937018116,0.4961679620034542,0.8705742659758204,0.6833711139896373,0.8011049980232463,0.7026052482282377,0.7814050480642447,-0.09803393407460737,高压高响应型,0.9745331069609507,0.9573748308525034,0.9155975692099932,0.8287996545768567,0.664164274674321,0.6738842244807778,0.7087657319496578,,,,,,,0.6857205914809092,,,component__che_pct_gdp / component__che_pc_usd / component__ext_he_pct,高收缩压 / 吸烟 / 高血糖
BLZ,2023,411106.0,449.5794434875774,83.91645316013872,307.29444845768535,345.45366246944576,109.35852152184044,20.41236400347811,74.74822757577982,84.03031395052511,73.5656,70.9277,76.4947,0.721,411.106,18.023,25.9457,1.455,2.0072,4.84133634796907,411106.0,41.9459437504976,9556.306790241912,,140.55972666552185,162.69666439301724,265.31437010550775,299.2261420245492,298.4494164780636,197.23864191028912,34.19062885618839,39.57535632975856,64.53673021203966,72.78564215179277,72.59670656182678,47.97756342896701,,,,10.02174622,,20.6,70.0,4.14735794,309.40835571,65.07689667,1.59533632,,,,,,,,,,,,,2.0,类型2-低缓冲低承载型,-0.0114558660479694,0.4985967184801382,0.3921991940126655,0.4453979562464019,0.4223139391164192,0.3701529023912954,0.4118817317713944,0.03351622447500746,低压低响应型,0.14838709677419354,,0.31212018906144495,0.5454447322970639,0.25193199381761977,0.5382235969951392,0.6838154117906823,,,,,,,0.4762745530787906,,,component__beds_10k / component__che_pct_gdp / component__nurses_10k,高收缩压 / 高血糖 / 膳食风险
BOL,2023,12244159.0,15266.402441958966,2511.8194852613933,15607.75547333626,8519.345497754528,124.68314436262196,20.514430474656475,127.47102902972968,69.5788538661947,68.5814,66.1283,71.1453,0.733,12244.16,11.3027,24.6636,1.383,2.547,5.55046673477261,12244159.0,70.9151414044538,12726.9354368392,42.1,3435.43033022366,6538.783004528775,7484.656049710126,6891.364474000062,8294.702665076162,7171.21778309763,28.057707599383996,53.403284002835754,61.1283800684892,56.282873115254894,67.74416001193843,58.56847973876874,,,,14.911597454,,,67.0,6.91864729,255.04104614,67.28231049,1.22657216,,,,,,,,,,,,,3.0,类型3-相对稳健型,-0.0904648056935766,0.5505181347150259,0.38870898100172707,0.46961355785837644,0.5109352312556344,0.4566869971574866,0.5000855844360049,-0.030472026577628486,相对均衡型,0.25195246179966047,,,0.46027633851468047,0.6440715389710753,0.4920459566946531,0.714064914992272,,,,,,,0.5032001765614654,,,component__beds_10k / component__uhc_index / component__che_pc_usd,高收缩压 / 高血糖 / 膳食风险
BRA,2023,211140729.0,379656.93854870665,73935.05539749011,289443.2993944416,115189.95794088431,179.81227039748765,35.016955633173986,137.085488321129,54.556010337960096,75.8482,72.7605,78.9829,0.786,211140.729,25.2617,33.9418,0.411,1.6191,10.6336314676644,211140729.0,87.6159710235763,18992.10524872364,51.6,141737.2766790325,87398.83005828348,134657.8094083781,150483.39599419534,220160.0472270472,143324.07413166075,67.12929208415896,41.39363848567723,63.77633062372257,71.27160955961052,104.27170933327945,67.88082754590695,,,,,23.57,55.02,84.0,9.73092747,1009.83563232,44.12654495,0.01882005,,,,,,,,,,,,,1.0,类型1-高负担转型承压型,-0.0004402666540726,0.6410297927461139,0.4908966609096143,0.5659632268278642,0.7019627108854732,0.5468946075281134,0.6709490902140013,-0.10498586338613713,相对均衡型,,0.574424898511502,0.6284604996623903,0.935880829015544,0.8893795539854272,0.7673442333186036,0.39302274232722456,,,,,,,0.7252262193776209,,,component__govt_he_pct / component__doctors_10k / component__nurses_10k,高收缩压 / 吸烟 / 高血糖
BRB,2023,282336.0,924.11092547439,62.04307741477465,844.5108232990302,494.8474392157888,327.30892464099156,21.974908412237426,299.1155301835509,175.26898419464356,76.1782,73.6313,78.6145,0.811,282.336,656.5953,38.9047,0.028,1.7081,16.093413521478,282336.0,59.4235740235775,27709.94856901037,,132.28824924541922,140.870094706648,433.60474875890617,588.2070043903968,586.864084809334,362.5710879349243,46.854899568393414,49.89448554440383,153.57756317256965,208.33581420378445,207.8601683134046,128.41829874154354,,,,63.96633798,23.98,41.37,82.0,5.40463829,1286.47680664,41.64141464,0.87460673,,,,,,,,,,,,,1.0,类型1-高负担转型承压型,0.4519290769768883,0.8000863557858376,0.7101683937823835,0.7551273747841105,0.6252203695452001,0.6489306897706849,0.629962433590297,0.1251649411938135,高压高响应型,0.8617996604414262,0.5837280108254398,0.5048953409858203,0.8865500863557858,0.46721130492382423,0.8018117543084401,0.35968204901744316,,,,,,,0.5360847495034209,,,component__govt_he_pct / component__che_pct_gdp / component__nurses_10k,高收缩压 / 吸烟 / 高血糖
BRN,2023,458949.0,541.4860417355954,118.57861106961218,544.948727702035,292.18779881369994,117.98392451788662,25.836990835498536,118.73840616321964,63.66454634691435,75.3266,73.328,77.5554,0.837,458.949,79.6095,31.76,0.837,1.747,6.51107912979343,458949.0,74.8199193881365,44080.23742477768,,245.61431587531544,69.28039754124235,241.84171189336428,326.63225029544424,296.79166866135364,298.86461298539996,53.516690498359395,15.095445799259254,52.69468108512368,71.16961803935607,64.66767955946165,65.11935160233489,,,,35.798404651,20.94,65.64,84.0,2.2286067,733.00543213,92.53526306,0.0,,,,,,,,,,,,,3.0,类型3-相对稳健型,-0.3067691352669038,0.5483052677029361,0.3869818652849741,0.4676435664939551,0.6781690710450701,0.6754173658525053,0.6776187300065571,-0.20997516351260204,相对均衡型,0.6179966044142614,0.5192828146143437,0.7346387575962188,0.935880829015544,0.024067122985206447,0.7191780821917808,0.9955840141311548,,,,,,,0.8787243434120503,,,component__che_pct_gdp / component__doctors_10k / component__beds_10k,高收缩压 / 高血糖 / 膳食风险
BTN,2023,786385.0,1341.678557732156,739.2076984376164,574.8049640884705,396.5353519590623,170.61344732315035,94.00073735353756,73.09459922156074,50.42509101255267,72.9753,71.3052,74.9651,0.698,786.385,20.482,29.3879,0.692,1.4625,6.36869980988956,786385.0,41.7352457989939,85290.46753046334,,443.1154067609088,637.8740411899321,329.21385875369805,395.8514144635992,727.1358634880995,492.857876860672,56.348405267255714,81.11472639863834,41.86420884855358,50.338118664979525,92.46563241772154,62.6738654553014,,,,21.617854822,,,69.0,4.41551638,162.19680786,66.65106201,6.44489765,,,,,,,,,,,,,1.0,类型1-高负担转型承压型,0.1111361688488745,0.6534434369602763,0.4563903281519861,0.5549168825561313,0.4402626925345167,0.5035737516821756,0.45292490436404853,0.10199197819208272,相对均衡型,0.3921901528013582,,,0.5153281519861831,0.2989622433208214,0.40057445868316394,0.7076617354824465,,,,,,,0.32685941293312737,,,component__che_pct_gdp / component__ext_he_pct / component__beds_10k,高收缩压 / 吸烟 / 高血糖
BWA,2023,2480244.0,2689.99443068797,790.435776365288,1544.1486147451033,1206.2775478866154,108.45684661218696,31.86927481188496,62.25793166902544,48.63543860550072,69.1631,66.6732,71.6979,0.731,2480.244,4.3764,22.8823,1.638,2.7316,3.96966911931465,2480244.0,67.0212655349864,34835.01712349453,,1226.0018647825857,895.92326062557,1074.2835019237182,1182.3227484846868,1870.5217504302864,1219.435708612246,49.4306957211704,36.12238395196481,43.31362164060142,47.669614299427266,75.416844085916,49.16595740629736,,,,,3.79,30.18,60.0,6.25574684,489.59677124,75.46138,6.53434038,,,,,,,,,,,,,3.0,类型3-相对稳健型,-0.2248843563403685,0.4759283246977547,0.340097869890616,0.40801309729418533,0.4776928744573673,0.5129892448629547,0.4847521485384848,-0.07673905124429947,低压低响应型,,0.19113667117726657,0.3993923024983119,0.3542746113989637,0.5734157650695518,0.6442775077330977,0.8558180613822036,,,,,,,0.3255352019421761,,,component__doctors_10k / component__ext_he_pct / component__uhc_index,高收缩压 / 高血糖 / 膳食风险
CAF,2023,5152421.0,7056.23107705938,1735.0700292976271,3199.9651204640995,1623.7772340201836,136.9498159614554,33.674849731759636,62.106049184725,31.514839995027263,57.4077,55.2596,59.2898,0.414,5152.42,8.2706,14.3199,3.41,6.0117,2.09527735556521,5152421.0,43.6983692134165,65269.277310271435,,2000.2609485606124,9215.335836852091,1776.2726169827988,2390.3086992690105,4539.758860073692,2717.80404325344,38.821768418392296,178.85448096830774,34.47452405350415,46.39195242913983,88.10923758120099,52.7480973168427,,,,,0.74,10.97,39.0,10.65553188,53.81136703,14.36223125,39.88191986,,,,,,,,,,,,,2.0,类型2-低缓冲低承载型,0.2311390151577771,0.44381476683937826,0.4672927461139897,0.45555375647668395,0.23413360404247435,0.26528394814838585,0.24036367286365665,0.2151900836130273,低压低响应型,,0.05192828146143437,0.1737002025658339,0.15177029360967184,0.9346434091410908,0.20592134334953602,0.061382203576948555,,,,,,,0.05958949459280512,,,component__doctors_10k / component__ext_he_pct / component__govt_he_pct,高收缩压 / 高血糖 / 膳食风险
CAN,2023,40083484.0,84165.37569276757,20556.97357965308,99617.46252250696,16713.082581903196,209.9751999920156,51.28539619872634,248.52495986253828,41.69568339394649,82.6302,80.4268,84.8303,0.939,39299.104,4.3217,40.3426,1.218,1.3494,19.3581192161771,40083484.0,82.5250564408346,50932.520763259454,,39520.14129665504,7061.775879747629,23605.841130297445,28284.391805679028,40483.72144946741,30864.867107996044,98.59457650102232,17.61766986060301,58.89168997958721,70.56370600339788,100.99850963421098,77.00145802694207,,,,,28.19,112.57,92.0,11.18692875,6186.65234375,70.30995178,0.0,6462.56214883479,70.49747467,0.0,,,,15.30350018,,,,,,1.0,类型1-高负担转型承压型,-0.2078395761564761,0.721394645941278,0.5028785261945884,0.6121365860679332,0.8760298984191014,0.8481988299747776,0.8704636847302367,-0.2583270986623035,相对均衡型,,0.6730378890392422,0.9341661039837947,0.9993523316062176,0.9556193420181055,0.9743703049049933,0.7628615588430117,0.9793530626290433,0.7664519098021169,,,,,0.8787243434120503,0.9337730870712401,0.7786189493002982,component__doctors_10k / component__govt_he_pct / component__wdi_government_health_expenditure_pct,高收缩压 / 吸烟 / 高血糖
CHE,2023,8888822.0,21394.36054391389,2906.684700501818,20391.83370835615,4269.038903912102,240.6883672989952,32.70044895152381,229.40985552816952,48.02704907255542,83.9536,82.009,85.8334,0.97,8870.561,221.8084,42.3314,0.62,1.4331,19.6113808360035,8888822.0,85.1854212679815,77104.53577456377,,6891.356077855532,2542.664248769733,5212.681630550684,6689.374754987249,11537.13245124293,8020.583717236531,77.52833927662779,28.605188052699592,58.64310963309518,75.25603229524957,129.79371677420167,90.23224581656076,,,,43.753700441,45.59,191.96,87.0,11.69096088,11783.66992188,33.08256912,0.0,,,,,,,,,,,,,1.0,类型1-高负担转型承压型,-0.2279190230495321,0.6998056994818653,0.5322035118019574,0.6160046056419113,0.8413770941183009,0.8791047817469178,0.8489226316440243,-0.23291802600211298,相对均衡型,0.7117147707979626,0.949255751014885,0.9993247805536799,0.9800302245250432,0.9673217045705453,0.9993371630578878,0.24530801501435195,,,,,,,0.8787243434120503,,,component__govt_he_pct / component__beds_10k / component__ext_he_pct,高收缩压 / 吸烟 / 高血糖
CHL,2023,19658835.0,28283.502579041666,7515.120317846636,32470.133049398457,8751.706942325869,143.8717125355682,38.22769923979033,165.1681447522117,44.51793273775312,81.1667,79.2398,83.0836,0.878,19658.835,26.1089,35.969,0.566,1.1671,13.6933190598527,19658835.0,88.8158617217972,3547810.3475068845,,9427.666156687868,9658.323068006604,12312.845412812529,9637.701042372795,19029.066497790856,12447.526597011263,47.95638274947559,49.12968173346287,62.63263012692527,49.02478220287619,96.79651158265918,63.31772252532392,,,,19.386195539,33.34,54.53,84.0,10.17470455,1736.52038574,51.60597992,0.0,2501.078408192,50.27700424,0.0,,,,35.03757477,,,,,,3.0,类型3-相对稳健型,-0.3357944002512394,0.6126943005181347,0.4421416234887738,0.5274179620034543,0.7100660936263852,0.8813381221164688,0.7443204993244019,-0.21690253732094766,相对均衡型,0.34804753820033957,0.7726657645466847,0.62457798784605,0.935880829015544,0.9125634797968647,0.8384887317719841,0.4992272024729521,0.8653360862583162,0.48182236539346524,,,,,0.8787243434120503,0.9337730870712401,0.429685707731131,component__beds_10k / component__wdi_out_of_pocket_pct / component__wdi_government_health_expenditure_pct,高收缩压 / 高血糖 / 膳食风险
CHN,2023,1445902078.0,4501842.587899269,1037344.7898081332,2566112.2287809243,332179.2611533027,311.3518305559326,71.74377889013125,177.47482819378897,22.97384215760859,77.99492369515892,75.23964513896495,80.9693380104609,0.797,1445902.078,156.415256746697,39.138017105318944,-0.2394994212554136,0.9974116357024146,14.3160774690688,1410710000.0,65.5301448035523,35948.85169934809,,2368711.669644639,2037563.363326261,387198.7170881927,933522.1839124814,2682270.122181965,1583580.0697691974,163.8224127128365,140.9198723985969,26.779041470344488,64.56330605760989,185.50842155868077,109.52194438779952,,,,56.267424359,28.19,39.63,85.0,5.94388866,763.37762451,57.0976181,0.0050795,,,,,,,,,,,,,1.0,类型1-高负担转型承压型,0.1852157719991993,0.6615932642487046,0.6987262521588945,0.6801597582037995,0.6887605129954684,0.6635235256679358,0.6837131155299618,-0.003553357326162354,高压高响应型,0.8146010186757215,0.6730378890392422,0.4861580013504389,0.9547711571675302,0.5367630823581364,0.725143614670791,0.5749613601236476,,,,,,,0.7446479805782388,,,component__nurses_10k / component__che_pct_gdp / component__govt_he_pct,高收缩压 / 吸烟 / 高血糖
CIV,2023,31165654.0,32070.12584909343,3752.993442000716,17224.42352396222,8713.896303728725,102.90214301003736,12.042081459290785,55.26732576817487,27.959934047040132,61.9438,60.0164,64.1322,0.582,31165.654,98.0052,18.0974,2.452,4.2828,2.56824227080234,31165654.0,53.4075201638704,422822.58798381593,,6560.544833663545,25216.741964169916,6108.0534628739415,7109.8379292133595,20258.49024165645,11535.580555562785,21.05056044600747,80.91196149508018,19.59866930074351,22.81305545268955,65.00261551275788,37.01376058260412,,,,,1.66,7.93,46.0,3.43218303,87.68105316,40.82644653,11.83283997,,,,,,,,,,,,,2.0,类型2-低缓冲低承载型,-0.307589736800622,0.23078583765112265,0.22355354058721935,0.22716968911917101,0.21528626855336577,0.41214488421783774,0.2546579916862602,-0.027488302567089173,低压低响应型,,0.1162043301759134,0.12221471978392978,0.22344559585492227,0.1408699492161625,0.31087052585064073,0.3448884963568117,,,,,,,0.24851026263517986,,,component__doctors_10k / component__nurses_10k / component__che_pct_gdp,高收缩压 / 高血糖 / 膳食风险
CMR,2023,28372687.0,33820.04093014171,4896.3512093718855,18451.31701379066,13012.411786309724,119.19928813982868,17.257270026528982,65.03196899818005,45.862458449246354,63.6996,61.5221,65.9438,0.588,28372.687,60.8791,17.7517,2.643,4.322,2.77483940805466,28372687.0,55.1286878511388,275830.3193681274,,5234.023096426287,28140.74906131133,11333.864522886572,11524.86000573258,22071.405869705115,8726.867347896505,18.44740012261189,99.18253093657052,39.946391129210184,40.619557836494586,77.7910314581947,30.757986890337545,,,,,,,48.0,4.5545516,79.09996796,14.69373989,14.70563126,,,,,,,,,,,,,3.0,类型3-相对稳健型,-0.0908109404256125,0.4125107944732297,0.3217112838226828,0.3671110391479563,0.22968137250311962,0.429046566587448,0.2695544113199853,0.09755662782797098,低压低响应型,,,,0.24568221070811744,0.3247957606535659,0.2936367653557225,0.06381099580481342,,,,,,,0.22048112999337893,,,component__govt_he_pct / component__ext_he_pct / component__uhc_index,高收缩压 / 高血糖 / 膳食风险
COD,2023,105789731.0,109398.99366821084,24880.590513592542,69943.88486718545,27902.86640108526,103.41173253215932,23.518908951184063,66.11594925710271,26.375779706902986,61.895,59.792,64.0379,0.522,105789.731,46.664,15.7677,3.264,6.0505,3.06835640281401,105789731.0,44.3754734892194,253446.6906392656,,20038.333932944948,89596.15988404352,30761.062516803333,39978.538074976816,63886.92144439197,43467.23026418355,18.941662620301916,84.6926814513249,29.077550558100324,37.79056596237759,60.390475370801326,41.08832667717394,,,,,,,41.0,3.68495083,23.43148804,18.72224808,36.99120331,,,,,,,,,,,,,2.0,类型2-低缓冲低承载型,0.0385431612422838,0.3322538860103627,0.2705094991364421,0.3013816925734024,0.11947391390983772,0.3901434776317082,0.17360782665421182,0.1277738659191906,低压低响应型,,,,0.17076856649395508,0.1764186354603665,0.07313300927971719,0.10532126297195848,,,,,,,0.07172809534319134,,,component__ext_he_pct / component__che_pc_usd / component__govt_he_pct,高收缩压 / 高血糖 / 膳食风险
COG,2023,6182885.0,7186.426779954872,1239.0505422903773,3903.896460722859,1874.7592564511203,116.23096305292547,20.04000628008409,63.14036991991375,30.321755239683743,65.772,64.1217,67.4606,0.649,6182.885,18.1051,18.3077,2.418,4.1567,2.91461025071629,6182885.0,63.6626757615625,323372.4348354257,,1607.6991212544465,4153.098343611336,1742.898498844041,2343.2218855698484,4731.869752122535,3170.55101158713,26.00241022199906,67.17088128941967,28.18908161552481,37.89851963233747,76.53174451930668,51.27947570732967,,,,,,,45.0,3.29744148,75.55332184,33.99457169,14.86338139,,,,,,,,,,,,,3.0,类型3-相对稳健型,-0.1872408866480201,0.35384283246977544,0.31249999999999994,0.33317141623488766,0.2195444631067845,0.4903252953098784,0.27370062954740326,0.0594707866874844,低压低响应型,,,,0.21200345423143352,0.1216604106866858,0.28634555899248787,0.2585559726208876,,,,,,,0.21915691900242773,,,component__che_pct_gdp / component__uhc_index / component__ext_he_pct,高收缩压 / 高血糖 / 膳食风险
COL,2023,52321152.0,77576.72043350972,19511.958780037836,52527.4483309159,16612.59540337356,148.2702835623912,37.292678074133065,100.39428858698658,31.751203420317584,77.7246,74.9503,80.452,0.788,52321.152,46.562,31.6061,1.103,1.6452,9.37542803553496,52321152.0,78.275571579544,7008712.023767949,53.9,15228.837591264535,21718.84226090941,21523.83860748073,23163.71412974578,47030.77898299262,34209.73393404441,29.106464611605904,41.510634668191955,41.13792946967363,44.27217911743568,89.8886534130453,65.38413744033085,,,,,25.37,15.53,82.0,8.15838146,571.15496826,70.33099365,0.01337293,1104.426168038775,70.23509979,,,,,14.61574936,,,,,,3.0,类型3-相对稳健型,-0.335793933926262,0.5176489637305699,0.3459268854346575,0.4317879245826137,0.6961890072590005,0.6295355474520754,0.6828583152976154,-0.2510703907150017,相对均衡型,,0.6128213802435724,0.24172856178257934,0.8865500863557858,0.769927136233164,0.6787450287229342,0.7635239567233385,0.7272310162881395,0.7602393005062126,,,,,0.7291988523504745,,0.7919247533838036,component__nurses_10k / component__doctors_10k / component__che_pc_usd,高收缩压 / 高血糖 / 膳食风险
COM,2023,850387.0,583.148428564152,116.4800932723604,354.2476819373791,329.3609481093118,68.57447592262723,13.69730408300696,41.65723158248881,38.73071297060183,66.7768,64.7863,68.9321,0.603,850.387,456.9516,20.3311,1.91,3.8779,4.47290468927676,850387.0,33.1502180946901,178273.84730587102,,180.3510149435984,583.8889184180697,160.83988395569102,276.6413200064748,403.6058983229772,298.15284876853576,21.208110535979312,68.66155273047092,18.91372797981284,32.53122637181363,47.46143794801393,35.06084274201461,,,,,,,52.0,6.55212021,102.23101807,12.91785812,26.77375984,,,,,,,,,,,,,2.0,类型2-低缓冲低承载型,-0.2377586851292357,0.2292206390328152,0.2017846862406448,0.21550266263673,0.2765559818541841,0.4295068951742193,0.30714616451819116,-0.09164350188146114,低压低响应型,,,,0.27817357512953367,0.6012364760432767,0.33451171011931063,0.048134245970412895,,,,,,,0.12072390200838667,,,component__govt_he_pct / component__ext_he_pct / component__uhc_index,高收缩压 / 高血糖 / 膳食风险
CPV,2023,522331.0,810.6214699107026,92.19642724685364,560.8570209112896,198.47741726984077,155.19306147073456,17.65095834764807,107.37578679252996,37.99839895963302,76.0587,72.8562,79.2088,0.668,522.33,129.6105,27.8701,0.491,1.5219,6.57945496194459,522331.0,75.9064245753376,132984.19887073798,,119.78662161334292,308.54489850216765,196.06319749794395,221.9788584773752,527.1388920765507,279.12278088020986,22.933086800006684,59.070761356719714,37.53619783201532,42.497737732850474,100.92046845325105,53.43791214387234,,,,,7.3,17.98,71.0,5.84791613,290.12619019,58.57330322,10.99548531,,,,,,,,,,,,,3.0,类型3-相对稳健型,-0.2080642386262749,0.46481001727115717,0.3453511801957398,0.4050805987334485,0.432471473123922,0.6258654617986354,0.47115027085886474,-0.06606967212541626,低压低响应型,,0.27384979702300405,0.2786968264686023,0.5765328151986183,0.5235151247516008,0.5212107821475916,0.5928461028924707,,,,,,,0.2606488633855661,,,component__ext_he_pct / component__doctors_10k / component__nurses_10k,高收缩压 / 高血糖 / 膳食风险
CRI,2023,5105525.0,7778.105573397808,1544.7854221788257,7078.6220198732035,3516.903248741208,152.34683158730607,30.257131679481063,138.64631002439913,68.88426261238968,80.7995,78.129,83.4201,0.833,5105.526,99.9907,34.0697,0.492,1.33,11.7188426539051,5105525.0,78.8819393641702,2475721.5485816444,46.7,1693.7544487183104,1989.2302527916024,3123.78802679965,3688.7546374237663,5105.4018158597655,3822.748551544628,33.174932033793006,38.96230559622375,61.18446245586204,72.2502511969634,99.9975872385262,74.87473965056734,,,,,,,84.0,6.8663702,1163.30224609,67.15689087,0.01108145,,,,,,,,,,,,,3.0,类型3-相对稳健型,-0.2231781315180279,0.6232189119170984,0.45250431778929184,0.5378616148531952,0.7614707503789543,0.6796931287657201,0.7451152260563074,-0.20725361120311225,相对均衡型,,,,0.935880829015544,0.6374475601678075,0.7887759611135661,0.7125193199381762,,,,,,,0.7327300816596778,,,component__che_pct_gdp / component__govt_he_pct / component__ext_he_pct,高收缩压 / 高血糖 / 膳食风险
CUB,2023,11019931.0,38009.017207245335,7048.385530466096,28225.60906568982,6107.638912216801,344.91157165362773,63.96034177043482,256.1323575046869,55.42356764499525,78.0855,75.6717,80.5196,0.762,11019.93,103.2235,41.7086,-0.351,1.4393,16.1955286378621,11019931.0,77.1259872296321,21832.045125008433,,19429.547079227705,5123.238606488477,9555.847908524584,9050.013020701956,20489.98819050781,13381.180806094331,176.31278343963956,46.490659573898206,86.71422632795598,82.12404434022278,185.93572128997732,121.42708340092447,,,,43.2870224,,,86.0,9.38383102,,83.39429474,0.02331761,,,,,,,,,,,,,1.0,类型1-高负担转型承压型,0.2186589702450279,0.8460708117443869,0.7077216465169832,0.7768962291306851,0.8414051104139173,0.6673143333690505,0.806586955004944,-0.029690725874258916,高压高响应型,0.7076400679117147,,,0.9693436960276338,0.8692868182821815,,0.9403841907705895,,,,,,,0.7203707790774664,,,component__beds_10k / component__ext_he_pct / component__che_pct_gdp,高收缩压 / 吸烟 / 高血糖
CYP,2023,1344976.0,2888.816433349167,730.8597235979579,2675.581782542225,991.113641677972,214.78572356303508,54.339982542287586,198.931563280105,73.69006150875347,81.648,79.6346,83.6677,0.913,1344.976,145.5601,37.7558,1.02,1.3891,14.3232720596026,1344976.0,66.6739477522639,34387.91863314471,31.8,1097.1657079370364,784.3383389956477,1079.5490591234857,1088.8887566861267,1657.539621714864,1089.0656031087424,81.57511419809993,58.31615872667228,80.26530281012343,80.95971650692107,123.23934566229168,80.97286517445237,,,,,38.06,39.84,76.0,8.11912918,2899.36499023,76.7871933,0.3812083,,,,,,,,,,,,,1.0,类型1-高负担转型承压型,0.0420758904846923,0.7696999136442142,0.5958909038572252,0.6827954087507198,0.7430491526741018,0.7159598501321927,0.73763129216572,-0.05483588341500023,高压高响应型,,0.8728010825439784,0.4883524645509791,0.7062823834196891,0.7652903510708766,0.8919575784357048,0.8737028041510267,,,,,,,0.6029574045464577,,,component__nurses_10k / component__ext_he_pct / component__uhc_index,高收缩压 / 吸烟 / 高血糖
CZE,2023,10864042.0,45788.38395950252,4256.359164557111,29351.206751923368,6640.751240353613,421.4672951329029,39.17841227562551,270.16838439987043,61.12597171801814,79.8341,76.9989,82.6405,0.915,10809.716,140.0168,42.716,-0.336,1.448,20.5459005583495,10864042.0,72.7352388396817,204587.17360919225,25.7,15289.072141380047,6652.7862114988275,11833.244330178904,14818.12453039374,28124.23604470757,22700.22398594789,140.73097417498985,61.23674974285655,108.92119461779424,136.3960534246254,258.87451507190025,208.94823479095433,,,,,42.39,94.24,83.0,8.42677402,2671.08398438,84.34033203,0.0,3542.814725871955,,,,,,14.07175064,,,,,,1.0,类型1-高负担转型承压型,0.1292458620687165,0.8264248704663213,0.8077864133563616,0.8171056419113414,0.8804608726973264,0.8820027417411674,0.8807692465060947,-0.06366360459475329,高压高响应型,,0.9252368064952639,0.863436866981769,0.9129965457685665,0.7926694634577169,0.8824569155987627,0.9556193420181055,0.9064005505849966,,,,,,0.8787243434120503,,0.8066070199587061,component__che_pct_gdp / component__wdi_out_of_pocket_pct / component__nurses_10k,高收缩压 / 吸烟 / 高血糖
DEU,2023,83287273.0,345453.29374166165,49952.41223996621,280757.7076331572,64965.38148313151,414.7732075963895,59.97604488739379,337.09556997160564,78.00157112015363,81.3777,79.0169,83.7559,0.959,84548.231,242.5644,45.1468,0.349,1.4414,22.7900439454493,83287273.0,81.9034366692129,46498.99251429095,,108598.12566651969,35515.570516062195,89754.36240570803,115343.42107858362,192643.5961153157,121052.0945017097,130.38982038290496,42.64225401648364,107.76479907765504,138.48865129559906,231.3001604882846,145.34284788230454,,,,75.501753526,45.93,123.95,87.0,11.74428654,6394.62255859,79.11742401,0.0,6995.265754180575,,,,,,11.27757549,,,,,,1.0,类型1-高负担转型承压型,0.1549462079403645,0.914777633851468,0.7597510074841681,0.8372643206678181,0.9411089639580428,0.8575473224893884,0.9243966356643118,-0.08713231499649376,高压高响应型,0.933446519524618,0.9509472259810555,0.9615124915597569,0.9800302245250432,0.9677633031574299,0.9776844896155545,0.899315522190329,0.9853177334250975,,,,,,0.8787243434120503,,0.876347786189493,component__wdi_out_of_pocket_pct / component__ext_he_pct / component__govt_he_pct,高收缩压 / 吸烟 / 高血糖
DJI,2023,1152944.0,1041.0816109083078,135.90633511867955,1023.3735934385164,481.27373597716615,90.29767368651972,11.787765504541378,88.76177797347628,41.74302793346131,65.9865,63.5251,68.5095,0.513,1152.944,49.7387,24.3892,1.375,2.6092,4.73574810907906,1152944.0,72.8408245988921,165521.40128976892,,544.5276730981082,745.5381073803819,185.89176011790795,370.28573263586975,607.0291862571883,578.5059125867408,47.229325370365615,64.66386115720988,16.123225422735878,32.11654101464336,52.65036170509481,50.17641035355931,,,,,,,47.0,2.28316021,77.57087708,46.09060287,23.59558868,,,,,,,,,,,,,2.0,类型2-低缓冲低承载型,-0.1506963005626324,0.33959412780656306,0.26482440990213013,0.3022092688543466,0.22321923604390426,0.5338579568912183,0.2853469802133671,0.01686228864097955,低压低响应型,,,,0.23585924006908462,0.028262309560609405,0.28965974370304903,0.42437624199602564,,,,,,,0.13793864489075258,,,component__che_pct_gdp / component__ext_he_pct / component__uhc_index,高收缩压 / 高血糖 / 膳食风险
DMA,2023,66510.0,211.99436183846277,20.787498129596187,156.88006168959626,100.13285984529846,318.74058312804505,31.254695729358275,235.87439736820969,150.55308952833929,71.1325,68.2139,74.5454,0.761,66.51,88.6807,35.6176,-0.474,1.4837,12.7438524744213,66510.0,73.1105011438027,15877.17507973019,,46.10932517585335,34.44396070679609,98.49035645015084,108.8353211985119,132.77856496142203,73.77613492595066,69.32690599286325,51.78764201893865,148.08353097301284,163.637529993252,199.6369943789235,110.92487584716685,,,,39.680153911,,,75.0,5.00757647,492.4524231,67.13490295,2.70691705,,,,,,,,,,,,,1.0,类型1-高负担转型承压型,0.4201646039134236,0.8074805699481865,0.7186240644789867,0.7630523172135866,0.5878095381077652,0.6106808440900533,0.5923837993042228,0.17066851790936377,高压高响应型,0.666553480475382,,,0.677461139896373,0.40163391477147276,0.6464869642068052,0.7120777213512917,,,,,,,0.42264400794526596,,,component__che_pct_gdp / component__ext_he_pct / component__che_pc_usd,高收缩压 / 吸烟 / 高血糖
DNK,2023,5946952.0,13377.109341042462,5477.542785273256,20179.239001959588,3429.658549644348,224.94059715031264,92.10672602155284,339.32069742549777,57.67086315215506,81.9328,80.0189,83.8546,0.962,5948.136,140.3061,41.249,0.53,1.5109,20.6001829312424,5946952.0,88.552638542867,165717.31933516366,29.9,8781.69071075884,1475.041375115776,3613.6886371923633,4251.827407349989,7853.598593305383,5233.758993627367,147.66708577366757,24.8033173147484,60.76539103043649,71.49590928848912,132.06090436420843,88.00741949199131,,,,24.348140106,45.3,109.3,85.0,9.5572958,6510.625,83.28481293,0.0,6722.287700447955,,,,,,13.84249687,,,,,,1.0,类型1-高负担转型承压型,-0.0927536278372588,0.8394861830742659,0.5755972941853771,0.7075417386298215,0.8727655191326672,0.8978338928828238,0.8777791938826985,-0.17023745525287703,高压高响应型,0.434295415959253,0.946211096075778,0.9216745442268738,0.9547711571675302,0.8781187900198719,0.9790101634997791,0.939942592183705,0.9818765771966047,,,,,,0.8787243434120503,,0.813030511585226,component__beds_10k / component__wdi_out_of_pocket_pct / component__che_pct_gdp,高收缩压 / 吸烟 / 高血糖
DOM,2023,11331265.0,29033.81641056882,2190.225057071406,12967.938751663816,9397.857441672631,256.22749455218656,19.32904275975724,114.44387499245508,82.93740762106111,73.7201,70.5325,76.975,0.776,11331.266,234.5484,27.6532,0.86,2.2429,7.58086111388,11331265.0,72.3577991823338,157901.5195754922,38.4,5582.414894749202,5186.274487679737,8119.109008802411,9524.523182816216,17499.604034654858,11254.924169021484,49.2655929832124,45.769598431240794,71.65227367643782,84.05525051983354,154.4364555471508,99.32628147891242,,,,7.469598496,24.26,20.6,73.0,4.59880495,488.8727417,64.09429169,0.85684156,,,,,,,,,,,,,1.0,类型1-高负担转型承压型,0.0774726930770776,0.6466968911917099,0.5843767990788716,0.6155368451352907,0.47625872833263594,0.6295805867944475,0.5069231000249983,0.10861374511029243,相对均衡型,0.09745331069609507,0.5908322056833559,0.31212018906144495,0.625107944732297,0.331640538750276,0.6438356164383562,0.6707882534775889,,,,,,,0.5382917678216729,,,component__beds_10k / component__nurses_10k / component__che_pct_gdp,高收缩压 / 吸烟 / 高血糖
DZA,2023,46164219.0,109291.63396281777,9200.418223019768,24739.02848417639,19943.222196615137,236.74533292292404,19.92976036921532,53.58918448111597,43.200605639218416,76.261,74.8955,77.6961,0.763,46164.219,19.3826,28.1889,1.442,2.7662,6.37685866623239,46164219.0,74.732808364138,137226.56866619285,,27964.195874084413,20543.034792778824,32665.503979264733,31841.145021894343,71555.08880640268,36104.98061369734,60.575477024932255,44.49990758595705,70.75935581031867,68.97364606535278,155.00119000475817,78.20988071670257,,,,,,,70.0,4.35082531,233.37947083,53.07563782,0.03647264,,,,,,,,,,,,,3.0,类型3-相对稳健型,-0.1447255593251222,0.49104058721934374,0.5492947610823259,0.5201676741508348,0.5072336481695986,0.676686475719394,0.5411242136795577,-0.020956539528722895,相对均衡型,,,,0.5454447322970639,0.28836387723559287,0.47039328325231994,0.5197615367630823,,,,,,,0.7122048112999337,,,component__che_pct_gdp / component__che_pc_usd / component__govt_he_pct,高收缩压 / 高血糖 / 膳食风险
ECU,2023,17980083.0,24962.337082979597,4197.685591868331,17035.465138955104,10446.189731245748,138.83326947367038,23.346308200403367,94.7463097859732,58.0986735781239,77.3924,74.6639,80.1391,0.777,17980.083,72.3952,28.4065,0.868,1.8228,8.09288255232192,17980083.0,63.1307729554263,8047.604265024651,44.6,4302.242351967252,7064.235633379203,10299.229097320607,10304.96686252131,15490.037496136823,12930.643781754708,23.927822535453547,39.28922704850252,57.28132121147943,57.31323299520537,86.15109004856554,71.91648548983177,,,,13.150664513,,,78.0,7.56167889,509.49414063,61.9509697,0.26570976,,,,,,,,,,,,,1.0,类型1-高负担转型承压型,-0.1041614502955,0.5365932642487046,0.3916594703511802,0.4641263672999424,0.6020701991542448,0.4499692048296998,0.5716500002893358,-0.10752363298939338,相对均衡型,0.22071307300509338,,,0.7638169257340242,0.7107529255906381,0.6546619531595228,0.6400971516891146,,,,,,,0.6223791657470757,,,component__beds_10k / component__ext_he_pct / component__govt_he_pct,高收缩压 / 吸烟 / 高血糖
EGY,2023,114535772.0,349970.03989043017,14836.451082251278,78428.32392472225,74172.77843921803,305.5552285363128,12.95355225985754,68.47495987954073,64.75948705284672,71.6335,69.4931,73.8094,0.754,114535.772,115.0593,24.0277,1.821,2.75,4.96968538776552,114535772.0,42.7098115041919,28928.41421942793,,96910.0641321327,113114.50766531492,143061.85784731418,97222.38367504296,217279.50323335567,113009.25493240888,84.61117643851277,98.75910878333708,124.9058310335693,84.88385940686108,189.70449095445545,98.66721370892655,,,,,,,71.0,4.88449335,141.41111755,32.24971008,3.46332574,,,,,,,,,,,,,1.0,类型1-高负担转型承压型,0.2294940116943845,0.548089378238342,0.7412204951065055,0.6446549366724237,0.3939264004098141,0.46189393994516703,0.4075199083168847,0.23713502835553896,相对均衡型,,,,0.5765328151986183,0.37933318613380435,0.38068935041979673,0.23515124751600794,,,,,,,0.3979254027808431,,,component__govt_he_pct / component__che_pct_gdp / component__che_pc_usd,高收缩压 / 吸烟 / 高血糖
ERI,2023,3470390.0,8163.513900839299,1137.1487059787923,5902.8453300647625,2778.511106917083,235.23332826683165,32.76717331420366,170.0916994938541,80.06336771708895,68.6239,66.5092,70.656,0.503,3470.39,28.6468,18.6512,1.809,3.7135,4.15096057661539,3470390.0,34.696403503418,,,1301.9952790747368,5854.727464138517,1189.3290586399085,2016.816805162024,4349.739548025936,3637.0953403436993,37.51726114571379,168.7051733130431,34.270760883932596,58.11499010664576,125.33863767547554,104.80364859118713,,,,10.220747397,0.89,15.16,40.0,3.6837678,28.29782677,23.05821609,28.4961319,,,,,,,,,,,,,2.0,类型2-低缓冲低承载型,0.6499582798679252,0.7192357512953368,0.5793033966609096,0.6492695739781231,0.14385685312998847,0.24946193103684564,0.16497786871135992,0.48429170526676324,相对均衡型,0.15415959252971137,0.06782814614343707,0.23666441593517892,0.1611614853195164,0.175977036873482,0.10163499779054352,0.1437403400309119,,,,,,,0.10968881041712646,,,component__doctors_10k / component__che_pc_usd / component__ext_he_pct,高收缩压 / 高血糖 / 膳食风险
ESP,2023,48352528.0,116602.2971145186,29476.588853932542,128860.03443325378,27497.97474085268,241.1503636676837,60.961836067666496,266.50113192272755,56.86977677951539,83.6703,80.9615,86.3118,0.918,47911.58,95.3741,44.9034,0.018,1.2131,20.6537075238774,48352528.0,80.128491001856,31532.892585469028,33.4,49509.70629215019,21505.218907630908,38862.21465445123,42888.87228995903,62301.85490179342,36965.21397301585,102.3932115651744,44.475893602979575,80.37266356466664,88.70037217073538,128.84921942818258,76.44939262124176,,,,29.071466308,44.29,62.21,84.0,9.2206583,3106.62011719,73.18374634,0.0,,,,,,,,,,,,,1.0,类型1-高负担转型承压型,0.0725127011674169,0.8069948186528497,0.5979778353483017,0.7024863270005757,0.8198496114538603,0.7674681095306479,0.8093733110692178,-0.10688698406864217,高压高响应型,0.5252971137521223,0.9396143437077131,0.6966576637407157,0.935880829015544,0.8597924486641643,0.8992487847989394,0.8235813645396335,,,,,,,0.8787243434120503,,,component__beds_10k / component__nurses_10k / component__govt_he_pct,高收缩压 / 吸烟 / 高血糖
EST,2023,1370286.0,7172.147500449873,262.1519997557363,3749.2098664727982,1142.6986615446306,523.4051504904724,19.131188653736253,273.60783562503,83.39125274173644,79.1535,74.9004,83.0435,0.905,1367.196,31.4544,41.8899,0.004,1.35,20.9140825455897,1370286.0,70.6770085523126,26799.600616647345,30.7,1345.5810546197577,220.6402270247528,2511.648059546674,1367.279257125747,5102.919641283726,2967.8017188612644,98.19709568803574,16.10176466991218,183.29371091485092,99.7805755240692,372.39814471458703,216.58264908648735,,,,41.252314957,34.9,70.41,79.0,7.47082138,2258.4597168,75.76696777,0.00938582,,,,,,,,,,,,,1.0,类型1-高负担转型承压型,0.2333372301990968,0.7730462003454232,0.7343480138169257,0.7536971070811744,0.7776905554332147,0.7601005513404526,0.7741725546146623,-0.020475447533487845,高压高响应型,0.6835314091680815,0.8105548037889039,0.7663740715732613,0.7958765112262521,0.6997129609185251,0.8689792311091471,0.860454846544491,,,,,,,0.7360406091370558,,,component__beds_10k / component__che_pct_gdp / component__ext_he_pct,高收缩压 / 吸烟 / 高血糖
ETH,2023,128691692.0,101185.461520342,14033.100720831282,105466.86421455748,39887.02281050738,78.62625780096356,10.904434080197875,81.953125781078,30.994248494694883,67.315,64.0776,70.7263,0.497,128691.692,128.6917,18.7334,2.585,3.9885,3.17131039041743,128691692.0,23.0586471557617,13563.136236594128,,11737.550113836982,87977.82198633501,12218.791933487651,25332.160418737945,60964.2570263064,54386.04840531155,9.120674327474832,68.36324911038936,9.49462373490874,19.68437901860669,47.37233311557237,42.26072993531824,,,,,1.43,,33.0,2.80310345,34.79846954,21.91303253,26.87509155,,,,,,,,,,,,,2.0,类型2-低缓冲低承载型,-0.0394776208990507,0.259229274611399,0.1411917098445596,0.2002104922279793,0.1095820675188946,0.192813928409957,0.1262284396971071,0.0739820525308722,低压低响应型,,0.10453315290933694,,0.10006476683937823,0.06933097814086996,0.13278833406981883,0.131154780304703,,,,,,,0.11962039284926065,,,component__che_pct_gdp / component__uhc_index / component__doctors_10k,高收缩压 / 高血糖 / 膳食风险
FIN,2023,5583911.0,24534.13957260562,2296.9904750051687,16350.96448731412,1640.4848039566575,439.37196657693187,41.13587188272107,292.82279906169924,29.378777777021472,81.9102,79.1651,84.6646,0.948,5601.185,18.5237,42.7885,0.388,1.2803,23.5778747195571,5583911.0,74.0062548602828,44043.41408427841,27.4,4339.304455277979,440.36486001522167,6013.32618015571,6795.963699107732,14694.626564059983,8220.81244979983,77.71084559331227,7.8863158817399075,107.69022250096232,121.70616077347458,263.1601141934387,147.22319982893407,,,,,28.75,130.2,86.0,10.47389507,5515.40478516,81.14877319,0.0,,,,,,,,,,,,,1.0,类型1-高负担转型承压型,-0.0932198961952045,0.7361291018998273,0.6863845710995969,0.711256836499712,0.9010198548423298,0.8424661126939694,0.8893091064126577,-0.17805226991294565,高压高响应型,,0.6833558863328822,0.9689399054692776,0.9693436960276338,0.9251490395230735,0.96155545735749,0.9200706557739016,,,,,,,0.8787243434120503,,,component__doctors_10k / component__ext_he_pct / component__govt_he_pct,高收缩压 / 吸烟 / 高血糖
FJI,2023,924145.0,2912.405494922258,442.43052015344347,990.853968678226,2174.1357783355484,315.14594516252953,47.87457814016669,107.218452588958,235.25916153152895,67.3157,65.3413,69.3621,0.731,924.146,50.5827,27.6656,0.519,2.2811,6.34304879480558,924145.0,58.6069049738768,9375.053945317431,,1080.5622114698035,499.2171776793807,1921.1059192975777,2500.3558415628495,1923.493330042292,1784.6115611535065,116.92561356386751,54.019356018739565,207.8792742802891,270.5588237303507,208.13761152657776,193.1094753695044,,,,,7.54,21.3,69.0,3.61524153,212.88697815,74.75609589,11.63894844,401.472292725391,74.75609589,11.63894844,,,,8.31420898,,,,,,1.0,类型1-高负担转型承压型,0.5693460478042698,0.8065090673575129,0.8051597582037996,0.8058344127806563,0.4904151808352704,0.4584593176283218,0.48402400819388075,0.3218104045867755,高压低响应型,,0.2811231393775372,0.3214044564483457,0.5153281519861831,0.16559947008169573,0.45360141405214316,0.8474276882313977,0.4916265198440009,0.8467556373676944,,,,,0.25204149194438313,0.28733509234828497,0.9323239275063088,component__che_pct_gdp / component__ext_he_pct / component__doctors_10k,高收缩压 / 吸烟 / 高血糖
FRA,2023,68372286.0,146720.435465571,21841.69258888343,212413.2795860287,29382.901391858355,214.59050742514444,31.94524253420959,310.6716068935134,42.97487053725008,83.3253,80.4282,86.088,0.92,66438.822,120.4955,41.8171,0.173,1.6389,21.7491423914771,68372286.0,78.7804323126547,39380.5621429718,31.8,57681.24716274736,17984.43447921506,43080.16302119282,46909.83449160719,76824.73518995453,51767.26086011931,84.36349073182569,26.30369047367388,63.00822386016583,68.6094282288692,112.36239079377064,75.71380728753067,,,,,40.09,,82.0,11.51974583,5149.0546875,67.71356964,0.0,,,,,,,,,,,,,1.0,类型1-高负担转型承压型,-0.1972762797654227,0.6940306563039724,0.5046416234887737,0.599336139896373,0.8845118292528911,0.7952478770401596,0.8666590388103448,-0.26732289891397176,相对均衡型,,0.9046008119079838,,0.8865500863557858,0.965334510929565,0.9531595227574017,0.7187017001545595,,,,,,,0.8787243434120503,,,component__govt_he_pct / component__ext_he_pct / component__uhc_index,高收缩压 / 吸烟 / 高血糖
FSM,2023,112630.0,282.1475401693083,48.347875513106935,98.85493666616637,180.52585243562703,250.50833718308468,42.92628563713658,87.76963212835511,160.28220938970702,67.1983,63.4879,71.1193,0.615,112.63,160.9007,22.8503,0.466,2.7485,5.73112966736364,112630.0,22.4334012451903,3007.053860739488,,157.34745206744142,90.02919853659827,175.21398951245644,209.24567481491627,163.2731188150811,169.68380557570342,139.70296729773722,79.93358655473521,155.5660032961524,185.78147457597112,144.96414704348848,150.6559580712984,,,,,,,65.0,12.88087559,507.7762146,14.23240566,71.46842957,,,,,,,,,,,,,1.0,类型1-高负担转型承压型,0.8129185646482677,0.7468156303972366,0.8086859527921703,0.7777507915947035,0.4225545192791243,0.24296890806198643,0.3866373970356968,0.39111339455900673,高压低响应型,,,,0.41461571675302245,0.9801280635901966,0.6542200618647812,0.05873261205564142,,,,,,,0.005076142131979695,,,component__ext_he_pct / component__govt_he_pct / component__uhc_index,高收缩压 / 吸烟 / 高血糖
GAB,2023,2484789.0,2561.3499082885605,537.4054920279658,1838.9971767884065,1052.2386123111537,103.0811834843345,21.627811940086897,74.01019470016998,42.3472018071214,68.3367,65.9049,71.0522,0.733,2484.788,9.6433,21.5032,2.179,3.6473,4.04183293668656,2484789.0,91.6375962797313,1031218.6642374272,,567.5050941969326,1122.1444282805655,1058.3872624823014,1208.4733115868985,1643.8691817239712,1005.700468751421,22.839166391872013,45.16055199377354,42.59465340849067,48.63484632244019,66.15729471291007,40.474280462100445,,,,,,,48.0,3.13430715,252.98246765,65.685112,4.44977236,,,,,,,,,,,,,3.0,类型3-相对稳健型,-0.4415395062847921,0.4249784110535406,0.28015256188831317,0.3525654864709269,0.38001422039328114,0.6902621020774433,0.44206379673011365,-0.08949831025918675,低压低响应型,,,,0.24568221070811744,0.10112607639655553,0.4896155545735749,0.692868182821815,,,,,,,0.370779077466343,,,component__che_pct_gdp / component__uhc_index / component__ext_he_pct,高收缩压 / 高血糖 / 膳食风险
GBR,2023,68492000.0,184398.59033092984,50327.59479801406,210679.73946607,20615.808336788363,269.2264648877677,73.47952286108459,307.59758725992816,30.0995858447532,81.3015,79.3619,83.2082,0.946,68682.962,282.9475,39.7818,0.699,1.56,19.238129106618,68492000.0,83.1601932891335,40581.51749597926,,80941.84637496731,22780.268196701087,47079.35356283058,62775.21595586717,85124.09130383884,70363.21323172453,118.17708108241446,33.25975033098914,68.73701098351718,91.65335507193129,124.2832612623939,102.73201721620704,,,,,33.54,95.59,88.0,10.99128914,5407.17041016,81.77081299,0.00867189,5869.2954779345255,,,,,,13.82068539,,,,,,1.0,类型1-高负担转型承压型,-0.0868362269076325,0.7552892918825561,0.6128022452504318,0.684045768566494,0.888127196335517,0.839003684082914,0.8783024938849964,-0.19425672531850235,高压高响应型,,0.7774018944519621,0.8690074274139096,0.9872625215889465,0.9503201589754913,0.9584622182942996,0.9271362331640539,0.9722413397568249,,,,,,0.7373648201280071,,0.8139481532461573,component__ext_he_pct / component__doctors_10k / component__wdi_out_of_pocket_pct,高收缩压 / 吸烟 / 高血糖
GEO,2023,3715483.0,22504.775181521694,1030.2876124480365,8254.051712601831,1948.5433061105944,605.7025474621117,27.729574121265973,222.15285906574815,52.44387623656451,74.4965,69.5694,79.1071,0.844,3807.492,54.7919,36.7958,0.018,1.81,15.317458316393,3715483.0,60.7523077799724,14358.110503738682,34.8,7018.016733834292,4766.4416008904445,4326.194134061814,3838.62939426912,15031.126127232592,6718.742222852327,188.88571778781633,128.2859213967725,116.43692446074478,103.31441145792137,404.5537586158406,180.83092353947865,,,,40.446550934,56.42,59.67,71.0,6.85758877,554.3248291,33.67455673,0.84887135,,,,,,,,,,,,,1.0,类型1-高负担转型承压型,0.4642913952739358,0.7540479274611399,0.8918033966609097,0.8229256620610248,0.6254456065911546,0.6035478394253311,0.6210660531579899,0.2018596089030349,高压高响应型,0.6760611205432937,0.9800405953991881,0.6698176907494936,0.5765328151986183,0.6359019651137117,0.6723376049491825,0.25391918745860015,,,,,,,0.5389538733171485,,,component__govt_he_pct / component__ext_he_pct / component__uhc_index,高收缩压 / 吸烟 / 高血糖
GHA,2023,33787914.0,58119.132615761126,4176.118653424782,18051.116352080455,16031.17499607577,172.0116033672902,12.359800174182938,53.42477298859129,47.44647744775179,65.4979,63.1341,67.9429,0.628,33787.914,148.4922,20.9311,1.897,3.3967,3.6318149146467,33787914.0,57.8074737774654,7235.475307368933,,5701.895567041739,32525.14645730624,12747.39309224107,17439.67252486543,33733.38770100436,15310.424791369554,16.87554776847644,96.26266497927703,37.72767117923015,51.615120498014264,99.83862188415765,45.31331762999501,,,,,2.66,41.1,56.0,2.94686937,70.25730896,63.22566223,8.53308582,,,,,,,,,,,,,2.0,类型2-低缓冲低承载型,-0.0504942265461424,0.3896804835924007,0.38064910765687965,0.3851647956246402,0.32562520307604254,0.32763534002636946,0.32602723046610793,0.059137565158532246,低压低响应型,,0.15866035182679297,0.5016880486158002,0.3120682210708117,0.0832413336277324,0.2702165267344233,0.6586442923382645,,,,,,,0.29485764731847275,,,component__che_pct_gdp / component__doctors_10k / component__che_pc_usd,高收缩压 / 高血糖 / 膳食风险
GIN,2023,14405468.0,18918.04251387135,2448.002850866219,7441.923207691714,4194.519487137829,131.32542805184357,16.99356696267153,51.66040567159438,29.117550968408864,60.7405,59.5174,61.8973,0.5,14405.468,58.6255,17.9844,2.445,4.2175,3.44105793716664,14405468.0,37.6454083954705,2704234.9927421473,,4201.688151171416,16884.84541559453,3022.3263451500843,3481.3825290162367,11349.932788086971,6092.3192756884555,29.16731446122692,117.21136318233135,20.98041066871333,24.167090781196674,78.78905973819782,42.29171364434987,,,,,,,43.0,3.69442987,59.33010101,21.83618927,18.13282204,,,,,,,,,,,,,2.0,类型2-低缓冲低承载型,-0.1142060551690684,0.31395725388601037,0.3180051813471502,0.31598121761658027,0.18363876305100998,0.4069547082227829,0.22830195208536458,0.08767926553121569,低压低响应型,,,,0.19235751295336787,0.17730183263413557,0.23000441891294743,0.12982998454404945,,,,,,,0.18870006621054955,,,component__govt_he_pct / component__che_pct_gdp / component__ext_he_pct,高收缩压 / 高血糖 / 膳食风险
GMB,2023,2697845.0,2638.883652564821,375.3901957128536,792.2149610974196,661.6525553224595,97.81450204014024,13.91444637156151,29.36473226213588,24.52522496001288,65.8603,64.1743,67.5336,0.524,2697.846,266.5855,18.1705,2.303,4.0058,2.97785770163636,2697845.0,63.8020182456108,12717.763995142896,,673.4333939611685,2639.7668990464913,573.0154872012762,741.4295967727383,1684.0129858244156,1011.586732930205,24.96190084905428,97.84724100333752,21.239748288032715,27.482290375197177,62.42067227080932,37.49610273867494,,,,11.097734194,0.9,6.58,53.0,2.89250112,25.74407768,44.92813492,17.44900703,,,,,,,,,,,,,2.0,类型2-低缓冲低承载型,-0.1893289421179759,0.15036701208981001,0.266947322970639,0.2086571675302245,0.17465897250635803,0.3119596977844926,0.20211911756198497,0.006538049968239534,低压低响应型,0.18098471986417658,0.06918132611637348,0.09689399054692775,0.2860535405872193,0.07705895341134908,0.0868316394167035,0.4062706999337602,,,,,,,0.19399691017435444,,,component__doctors_10k / component__che_pct_gdp / component__che_pc_usd,高收缩压 / 高血糖 / 膳食风险
GNB,2023,2153339.0,2876.9067344746095,329.2097343586615,1027.726694847401,663.4733059167175,133.60212834461316,15.288337524127016,47.72712029306119,30.811372752581807,64.0849,61.6566,66.3625,0.514,2153.339,76.5768,18.9426,2.234,3.8361,3.14256138954433,2153339.0,45.5923843383789,152486.13643162392,,382.5376069890676,2451.1424413476097,554.4155225058166,561.5237037900907,1805.0659417406332,1117.5326026901862,17.764857599712244,113.8298447828052,25.746783135670537,26.076883565016505,83.82637112598773,51.89766231374559,,,,,1.43,5.66,43.0,8.82204819,82.13543701,10.63656521,25.1414032,,,,,,,,,,,,,2.0,类型2-低缓冲低承载型,-0.0809183494422902,0.29803540587219346,0.3272884283246978,0.3126619170984456,0.23766336186893142,0.3828276921491869,0.2666962279249825,0.04596568917346311,低压低响应型,,0.10453315290933694,0.0800135043889264,0.19235751295336787,0.8255685581806138,0.3002651347768449,0.031795098255685585,,,,,,,0.12911057161774442,,,component__govt_he_pct / component__nurses_10k / component__doctors_10k,高收缩压 / 高血糖 / 膳食风险
GNQ,2023,1847549.0,1498.4952041290264,252.7298031151745,1172.287022759297,469.6623483961905,81.10719683911097,13.67919352153445,63.450930002900975,25.42083313601915,63.7071,62.0366,65.661,0.674,1847.549,65.8663,20.979,2.389,4.0813,3.62342216634038,1847549.0,71.1290664883517,955136.740461717,,357.9878614160266,738.0017053900451,508.14906793841527,544.9217887166312,931.157482288803,588.5358013030772,19.37636627856834,39.944905677199635,27.50395621108914,29.494307794631226,50.399609552374685,31.854949519773346,,,,,,,49.0,3.49941635,233.68379211,32.25142288,1.03861904,,,,,,,,,,,,,3.0,类型3-相对稳健型,-0.5479623836218057,0.22625215889464595,0.1622049510650547,0.1942285549798503,0.3259320862672183,0.5781091811318257,0.37636750524013984,-0.18213895026028953,低压低响应型,,,,0.25377806563039723,0.14903952307352616,0.4708351745470614,0.2353720468094502,,,,,,,0.5206356212756565,,,component__che_pct_gdp / component__govt_he_pct / component__uhc_index,高收缩压 / 高血糖 / 膳食风险
GRC,2023,10407351.0,46517.49671089906,5307.553452896737,35209.700141151996,9221.446500684391,446.9676934207278,50.99812097138587,338.31567841953245,88.60512632546352,81.8568,79.2866,84.3312,0.908,10242.908,78.2977,45.7474,-2.077,1.3336,23.4829980176041,10407351.0,78.7746303842088,23244.746912124596,33.4,18741.12584230587,9340.176671886522,13738.143063569269,13753.216906700847,26582.63810833098,13069.049066993535,180.07585063966684,89.74595621773996,132.00422531698285,132.1490637406276,255.4217505331662,125.57517342303083,,,,,67.12,41.28,77.0,8.39367008,1962.59594727,50.62671661,0.27350739,,,,,,,,,,,,,1.0,类型1-高负担转型承压型,0.4281247452773086,0.9158570811744388,0.8433002302820954,0.8795786557282671,0.7112039191245246,0.7477426063230034,0.7185116565642204,0.16106699916404665,高压高响应型,,0.9922192151556157,0.5040513166779204,0.7342400690846287,0.7895782733495252,0.8526292532037119,0.4844336498123206,,,,,,,0.6212756565879497,,,component__govt_he_pct / component__nurses_10k / component__ext_he_pct,高收缩压 / 吸烟 / 高血糖
GRD,2023,117081.0,310.00818909229054,28.975907728013727,200.07428212762005,178.7874613506694,264.7809542900133,24.74859945508983,170.8853546925804,152.70407781849266,75.2052,72.3643,78.3591,0.791,117.081,344.3559,33.3852,0.126,1.4874,11.8704144993637,117081.0,36.462128238584,15665.300469843824,,57.04510018997867,46.614212059334285,131.31971803108542,165.70637141761588,214.8245388061524,121.49351719008236,48.72276474404785,39.813643596599185,112.16142502292038,141.53139400723933,183.48368975850255,103.76877306316342,,,,30.06465609,,45.77,78.0,4.65330839,526.3918457,45.187397,2.68215346,,,,,,,,,,,,,1.0,类型1-高负担转型承压型,0.4225898523869484,0.7264680483592401,0.6532815198618308,0.6898747841105355,0.5268745506736542,0.504556563665222,0.5224109532719677,0.16746383083856775,高压高响应型,0.5415959252971138,,0.5454085077650236,0.7638169257340242,0.3415765069551777,0.6606274856385329,0.41112828438948995,,,,,,,0.42396821893621717,,,component__che_pct_gdp / component__govt_he_pct / component__ext_he_pct,高收缩压 / 吸烟 / 高血糖
GTM,2023,18124838.0,16421.88866547572,2332.646851132357,11246.27744531334,13880.381941379235,90.6043334868743,12.869890760581455,62.04898187400815,76.58210209315656,72.6023,70.3123,74.877,0.662,18124.838,169.1381,22.6305,1.549,2.3108,4.734740380431,18124838.0,55.6082319565539,16286.412465888305,45.2,3548.6398623567493,10553.14006888464,9106.067717566326,13753.154709153472,10450.98379904306,7920.400818131863,19.57887768352329,58.22474147843219,50.24082266316712,75.88015246896812,57.66111564165738,43.6991537145428,,,,4.452452606,,22.73,58.0,6.80241346,392.01223755,35.81219101,2.97076392,,,,,,,,,,,,,2.0,类型2-低缓冲低承载型,-0.0762853599955589,0.3809369602763385,0.3358520437535981,0.3583945020149683,0.3755466813304568,0.3604699819716511,0.3725313414586957,-0.0141368394437274,低压低响应型,0.03701188455008489,,0.33946657663740715,0.33560017271157166,0.6297195848973284,0.5930181175430844,0.28063590196511373,,,,,,,0.4133745310086074,,,component__beds_10k / component__govt_he_pct / component__uhc_index,高收缩压 / 高血糖 / 膳食风险
GUY,2023,826353.0,2092.4944020576972,125.22005704069768,903.5842036855672,1064.2881353417683,253.22040363593973,15.153337259100851,109.34603053241985,128.7934012875573,70.1802,66.5068,73.9437,0.776,826.353,4.1979,25.6074,0.552,2.4125,6.47955534741206,826353.0,26.4651457279878,1310405.4964870857,,443.7600411614987,416.790209001621,957.7373748071496,1019.4156268757991,1497.7894700969437,687.2165906479445,53.70102621537027,50.43730814816682,115.899303906097,123.36321485803272,181.25298390602367,83.1625940303895,,,,32.382980783,12.49,39.27,73.0,2.46673751,505.03240967,70.1448822,1.23711646,,,,,,,,,,,,,1.0,类型1-高负担转型承压型,0.1639100297984687,0.6245682210708117,0.6501511226252158,0.6373596718480137,0.5008727306861669,0.5656378218057952,0.5138257489100926,0.12353392293792109,相对均衡型,0.5724957555178268,0.3680649526387009,0.4826130992572586,0.625107944732297,0.044601457275336716,0.6524524966858153,0.7593287701479355,,,,,,,0.5023173692341646,,,component__che_pct_gdp / component__doctors_10k / component__nurses_10k,高收缩压 / 吸烟 / 高血糖
HND,2023,10644851.0,15555.82667211398,3342.4546375816217,5472.949615148362,3107.2553469591335,146.1347525870863,31.399731547032665,51.41405563260925,29.19021926149209,72.8842,70.3462,75.5006,0.645,10644.851,97.5929,23.5459,1.701,2.5002,4.29272330819849,10644851.0,58.3132392705102,17386.140766726177,46.8,2478.633835891707,7569.365297381046,3491.1770669797943,3979.70186406383,9516.051292196587,6725.49923196392,23.28481475120419,71.10823155139556,32.796861759547355,37.38616786711087,89.39581486106839,63.18077380288291,,,,5.286121793,19.02,7.35,64.0,7.70976162,249.15301514,31.92416763,10.07830715,,,,,,,,,,,,,2.0,类型2-低缓冲低承载型,-0.0428367998689082,0.40241796200345425,0.3500287852619459,0.3762233736327001,0.3447403800412393,0.35146042696552116,0.34608438942609565,0.030138984206604436,低压低响应型,0.04923599320882852,0.4841001353179973,0.11343686698176908,0.39820811744386875,0.724221682490616,0.4856385329209015,0.23161845882093177,,,,,,,0.2714632531450011,,,component__beds_10k / component__nurses_10k / component__govt_he_pct,高收缩压 / 高血糖 / 膳食风险
HRV,2023,3859686.0,20774.319775102955,1776.1853454569966,13216.651119267304,5163.0702827274135,538.2385970025271,46.0189078970931,342.42814361757155,133.769179221507,78.5803,75.4077,81.6883,0.889,3896.023,69.7013,44.7608,-0.343,1.4677,22.815365461733,3859686.0,57.2431560672198,23477.974313386516,30.1,8019.437658154303,4325.452142361213,6193.842872001332,8213.451640667188,13171.255186297158,9882.098069985866,207.77435413539607,112.0674620256988,160.4753047787134,212.8010320183349,341.2519875009821,256.0337309818951,,,,55.969881089,39.73,80.45,76.0,7.14699411,1548.33959961,84.0160675,0.08524875,,,,,,,,,,,,,1.0,类型1-高负担转型承压型,0.6252967857047045,0.928162780656304,0.921164363845711,0.9246635722510075,0.794546701048241,0.712951155314597,0.7782275919015123,0.14643598034949523,高压高响应型,0.8125636672325977,0.8995263870094723,0.8092505064145847,0.7062823834196891,0.6716714506513579,0.8252319929297393,0.9498785603886067,,,,,,,0.6819686603398808,,,component__che_pct_gdp / component__ext_he_pct / component__uhc_index,高收缩压 / 吸烟 / 高血糖
HTI,2023,11637398.0,37691.79509081027,2414.381127986437,11495.490198145097,7104.72306455648,323.8850737150201,20.746743627625673,98.7805882220845,61.050786993419656,64.9356,61.7289,68.2996,0.554,11637.398,422.119,23.5111,1.165,2.6557,4.61815413470631,11637398.0,54.4496819335618,42938.77897537302,,4858.340040911755,19379.11004984193,5600.462036944515,6563.304915015422,23436.18398586035,13472.797438557223,41.74764875199555,166.52442453065478,48.12469279597136,56.39838832542654,201.3868047295482,115.7715619810994,,,,48.99376991,,,44.0,3.19156528,54.4146843,9.34003258,31.56112099,,,,,,,,,,,,,1.0,类型1-高负担转型承压型,0.4715002838807117,0.6466968911917098,0.6524539435808866,0.6495754173862982,0.2342691903177222,0.41840627789291623,0.271096607832761,0.3784788095535372,相对均衡型,0.765704584040747,,,0.20174870466321243,0.10885405166703467,0.20901458241272647,0.024287922278648708,,,,,,,0.0960052968439638,,,component__govt_he_pct / component__ext_he_pct / component__che_pct_gdp,高收缩压 / 吸烟 / 高血糖
HUN,2023,9592186.0,59462.968834654035,5490.100527742513,31734.546343873568,5974.365118897918,619.9105066838157,57.23513417840848,330.83747900503147,62.283666297733575,77.024,73.7079,80.1891,0.87,9686.464,106.9973,43.3172,0.067,1.486,20.819084281895,9592186.0,70.2923026891431,1944228.9274745071,,17452.013912325237,9371.916478239264,14454.727390283257,15052.994755918093,39300.804487648595,28755.76280382022,181.93990308700475,97.7036566872167,150.69273458920895,156.9297629958186,409.716872542386,299.78320691258716,,,,,35.87,57.22,80.0,6.36868954,1419.87475586,73.36637115,0.0,2088.63236618569,,,,,,28.52379417,,,,,,1.0,类型1-高负担转型承压型,0.4821920990151846,0.9077072538860104,0.9013744962579159,0.9045408750719631,0.7550243497572703,0.860926915028812,0.7762048628115787,0.12833601226038438,高压高响应型,,0.8328822733423545,0.6456785955435517,0.8287996545768567,0.5840141311547803,0.8148475475033142,0.8260101567674983,0.8355127322780455,,,,,,0.8787243434120503,,0.548749713236981,component__wdi_out_of_pocket_pct / component__che_pct_gdp / component__nurses_10k,高收缩压 / 吸烟 / 高血糖
IDN,2023,281190067.0,678827.765616439,104821.13875976768,248052.63774407207,148359.7825485243,241.41242713827407,37.277681917465344,88.2152916674941,52.76138810000151,71.1457,69.0357,73.2681,0.728,281190.067,147.1482,29.8305,0.828,2.1267,7.04854077766648,281190067.0,58.1179353397878,16869431.1565297,36.1,295042.53335405176,192112.0239199229,97790.2912846281,168413.17392582077,455455.85044206167,276160.4157850302,104.92637115593836,68.32105627682891,34.77729221659459,59.893002524097255,161.97437388215482,98.21129840444549,,,,13.68533391,5.24,32.4,67.0,2.70239949,131.77729797,53.61269379,0.5570538,,,,,,,,,,,,,3.0,类型3-相对稳健型,0.0809190782775406,0.656465889464594,0.5867156016119747,0.6215907455382843,0.35660336628105394,0.607077857862565,0.40669826459735614,0.21489248094092817,相对均衡型,0.22716468590831917,0.2198917456021651,0.4149223497636732,0.46027633851468047,0.06248620004415986,0.36897923110914715,0.5255023183925811,,,,,,,0.5736040609137056,,,component__che_pct_gdp / component__doctors_10k / component__beds_10k,高收缩压 / 高血糖 / 膳食风险
IND,2023,1438069596.0,3121036.854791243,1254035.6505858472,1055740.9120008885,715790.042743345,217.0296113256568,87.2027093872199,73.41375653427613,49.77436730004721,72.0026,70.5225,73.5977,0.685,1438069.596,483.679,28.0598,0.885,1.9754,6.92184330138637,1438069596.0,35.0676918424186,50948.65650712075,,1153978.1356071222,2005762.370214716,396545.4507398694,969615.3304064488,1570133.4924671573,1308023.3917304806,80.24494355606433,139.47602924043156,27.574844210799196,67.42478480203185,109.18341482460195,90.9568907769663,,,,,9.39,26.57,69.0,3.33944035,84.68669891,39.02440643,2.41318536,,,,,,,,,,,,,1.0,类型1-高负担转型承压型,0.3534172296931295,0.6831282383419689,0.5884067357512953,0.6357674870466321,0.34204048198518844,0.4640145639877238,0.36643529838569555,0.26933218866093656,相对均衡型,,0.3193504736129905,0.3739027683997299,0.5153281519861831,0.12806359019651137,0.3049049933716306,0.3175093839699713,,,,,,,0.4352240123593026,,,component__che_pct_gdp / component__che_pc_usd / component__govt_he_pct,高收缩压 / 吸烟 / 高血糖
IRL,2023,5311538.0,9865.45178571106,2861.763829843411,11648.654300954317,1327.8022352911028,185.73625540683432,53.87825202123021,219.30849974064608,24.99845120737351,82.4118,80.3717,84.4782,0.949,5196.63,76.0108,38.4157,1.185,1.5977,15.5417068369309,5311538.0,64.1152082461268,89909.5634310828,29.0,3922.781427932188,889.379582374452,2648.4421108070565,2731.8930765830414,5220.959567659683,3743.60455876359,73.85396523440457,16.744294823353464,49.86205710675621,51.43318331871186,98.29468541239248,70.48061331319836,,,,29.580697652,38.75,147.78,82.0,6.57538509,6877.9375,76.59344482,0.0,,,,,,,,,,,,,3.0,类型3-相对稳健型,-0.3536467718301442,0.6021696891191709,0.41947322970639034,0.5108214594127807,0.8280034934379329,0.7939616853988001,0.8211951318301064,-0.3103736724173257,相对均衡型,0.534804753820034,0.8854871447902571,0.9807562457798784,0.8865500863557858,0.6038860675645837,0.982545293857711,0.8712740119231619,,,,,,,0.8787243434120503,,,component__beds_10k / component__che_pct_gdp / component__govt_he_pct,高收缩压 / 高血糖 / 膳食风险
IRN,2023,90608707.0,136303.37695179804,19012.702524601125,69516.76780201633,27570.70633001276,150.43077146195017,20.983306300354915,76.72195101737445,30.428318914221745,77.6545,75.7861,79.6276,0.799,90608.707,55.6308,32.8663,1.117,1.6952,7.91608360551928,90608707.0,76.6759567260742,377940973.7846437,35.9,34058.900964373635,53474.153129973805,49704.46834858194,34339.50520203676,83773.22733417044,46261.76201607336,37.58899347760656,59.0165723587401,54.85617220934622,37.89868141704832,92.45604545948376,51.05664074433084,,,,,18.11,28.76,81.0,6.02542305,267.059021,46.72418594,0.71491158,,,,,,,,,,,,,3.0,类型3-相对稳健型,-0.4122312879659099,0.4172603626943005,0.38273603914795623,0.39999820092112837,0.5343731416912908,0.7099173806425584,0.5694819894815444,-0.16948378856041602,相对均衡型,,0.462787550744249,0.38690074274139097,0.8583765112262521,0.5458158533892692,0.502651347768449,0.43320821373371604,,,,,,,0.5508717722357096,,,component__nurses_10k / component__govt_he_pct / component__doctors_10k,高收缩压 / 高血糖 / 膳食风险
IRQ,2023,45074049.0,85490.77976697643,8151.814314957839,36897.33464810655,20416.71329668918,189.6674065535502,18.085382821849088,81.85937466613339,45.29593801677143,72.3242,70.4256,74.0545,0.695,45074.049,103.8266,20.3454,2.147,3.2485,3.39670394377039,45074049.0,69.868278503418,1808871.858466061,29.8,35023.72381220996,35997.06958715748,32866.8313130358,31879.082355283288,54959.05508212968,32657.89779069016,77.70263508434745,79.86207226947256,72.91741488109001,70.72602320524452,121.93059266126652,72.45388092534166,,,,,10.64,25.71,64.0,5.53275251,333.29360962,46.0176239,0.0,,,,,,,,,,,,,3.0,类型3-相对稳健型,-0.1281569776642079,0.4996221934369603,0.5894502014968336,0.544536197466897,0.49196643603325635,0.6225511032618047,0.518083369478966,0.026452827987930916,相对均衡型,,0.3399864682002706,0.36478730587440916,0.39820811744386875,0.4839920512254361,0.5547945205479452,0.4232722455288143,,,,,,,0.8787243434120503,,,component__doctors_10k / component__nurses_10k / component__uhc_index,高收缩压 / 高血糖 / 膳食风险
ISL,2023,385663.0,764.9002827156871,156.8432646677893,810.6070097212263,77.70527548895492,198.333851760653,40.66847601864563,210.18531975357408,20.14849116688791,82.6911,80.9814,84.5056,0.972,387.558,3.8662,35.808,1.642,1.5401,15.3483031550157,385663.0,94.1518261784801,2990592.3988039037,,279.5217260293574,26.543126743889925,179.0265799947391,190.56862523825225,409.6180511988028,281.0833482332748,72.47823255779201,6.882466491182698,46.42047072048371,49.41325074955395,106.21139471476464,72.88315141283319,,,,,44.76,158.62,90.0,8.70510101,7064.62402344,83.62537384,0.0,6835.75289709172,,,,,,14.37681293,,,,,,3.0,类型3-相对稳健型,-0.7095280844121363,0.5436096718480139,0.41317645365572825,0.4783930627518711,0.9256132629976107,0.9414336122200515,0.928777332842099,-0.45038427009022786,相对均衡型,,0.9428281461434371,0.987508440243079,0.9968696027633851,0.8162949878560388,0.9838709677419355,0.9425921837050122,0.983023629272769,,,,,,0.8787243434120503,,0.7988070658407892,component__wdi_out_of_pocket_pct / component__che_pct_gdp / component__ext_he_pct,高收缩压 / 高血糖 / 膳食风险
ISR,2023,9849000.0,10813.071191944688,2205.833442811858,14906.923286559146,5680.698875128476,109.788518549545,22.396521908943622,151.35468866442426,57.67792542520536,82.408,80.1818,84.5895,0.919,9256.314,427.6817,29.1497,1.415,2.8301,12.4157088880088,9849000.0,91.5089569794505,79370.61936561912,,4059.93782139896,4506.6887110044245,4979.488521712704,6221.777386228754,6279.6092161735605,3800.008847416515,41.22182781398071,45.75783034830363,50.55831578548791,63.17166601917712,63.75885080895077,38.582687048599,,,,31.434769208,37.97,60.17,85.0,7.09822369,3927.69873047,65.24039459,1.44715178,,,,,,,,,,,,,3.0,类型3-相对稳健型,-0.41379208493172,0.532977115716753,0.34387593552101325,0.4384265256188831,0.7273574147873476,0.8319238761984643,0.748270707069571,-0.30984418145068787,相对均衡型,0.5595925297113752,0.871447902571042,0.674206617150574,0.9547711571675302,0.6665930669021859,0.9206805125939019,0.6862442040185471,,,,,,,0.48532332818362395,,,component__ext_he_pct / component__beds_10k / component__che_pct_gdp,高收缩压 / 高血糖 / 膳食风险
ITA,2023,58984216.0,209947.76787369972,32696.115961809952,190126.595633169,37383.51661277027,355.9388970664622,55.43197516062594,322.3346999020365,63.378848017188645,83.7157,81.5678,85.7464,0.915,59499.453,201.0286,47.461,-0.216,1.1977,24.2187831541913,58984216.0,69.5381540123301,36179.919808749575,34.3,59601.135871236685,51297.472358308165,60873.331469588826,63374.80339604123,121457.35390675475,68069.02415422325,101.04590670703614,86.9681345909695,103.20274744278846,107.44366492222468,205.91500937599096,115.40210037584166,,,,,53.06,70.95,82.0,8.40559483,3283.47216797,73.07653809,0.0,4081.53138552686,,,,,,23.07142067,,,,,,1.0,类型1-高负担转型承压型,0.249699511839857,0.8799114853195164,0.7689982728842834,0.8244548791018999,0.8438397840210721,0.7375993363895382,0.8225916944947653,0.001863184607134527,高压高响应型,,0.9753044654939107,0.7682309250506415,0.8865500863557858,0.7911238684036211,0.9041095890410958,0.8220357694855377,0.9242945629731589,,,,,,0.8787243434120503,,0.6441844459738472,component__wdi_out_of_pocket_pct / component__nurses_10k / component__che_pct_gdp,高收缩压 / 吸烟 / 高血糖
JAM,2023,2839786.0,6313.387404022483,550.2608256726311,4585.004261032444,3239.898221654132,222.31912559687532,19.376841271582823,161.45597805723546,114.08952018406076,71.4789,68.9754,73.9941,0.72,2839.786,262.2148,31.6731,0.003,1.3577,7.86217693868482,2839786.0,58.4510149367429,273890.0346067514,,1269.7001994742538,1692.41763316499,2244.009305310233,3365.471388400789,4129.616797196711,2359.162542379286,44.7111225801611,59.59666091617433,79.02036651037201,118.511443763748,145.41999985902848,83.07536350905617,,,,16.47307227,4.6,16.17,74.0,7.60493946,520.15704346,64.34702301,2.58997226,,,,,,,,,,,,,1.0,类型1-高负担转型承压型,0.1636641930539387,0.6611075129533678,0.609779792746114,0.6354436528497409,0.48277279659118,0.6236584469614836,0.5109499266652408,0.12449372618450016,相对均衡型,0.2821731748726655,0.20771312584573748,0.24881836596893991,0.6493955094991365,0.714064914992272,0.6581970835174547,0.6736586442923382,,,,,,,0.42816155374089604,,,component__doctors_10k / component__nurses_10k / component__beds_10k,高收缩压 / 吸烟 / 高血糖
JOR,2023,11439213.0,15414.51996334231,1055.8529875150991,8087.3304408981,5205.766581975228,134.75157743231384,9.23011913070505,70.69831150882582,45.50808330936078,77.8145,75.7094,80.1923,0.754,11439.214,128.8287,24.2788,1.604,2.6392,4.32230327723143,11439213.0,92.682236868336,4891.183985876,,6661.222776976461,5141.610317016531,7835.952675974726,7203.913008539138,9952.479281887388,6756.149245253778,58.23147778589717,44.94723821487134,68.5008022490247,62.97559988208226,87.00318179132942,59.06131169385323,,,,14.146068163,29.57,37.55,74.0,7.66000605,342.10394287,45.00594711,6.93571997,,,,,,,,,,,,,3.0,类型3-相对稳健型,-0.2729439557005195,0.3693868739205527,0.458801093839954,0.4140939838802533,0.508013918867354,0.5145950356726792,0.5093301422284191,-0.09523615834816579,相对均衡型,0.2397283531409168,0.7001014884979703,0.4675894665766374,0.6493955094991365,0.7187017001545595,0.5614228899690676,0.4080370942812983,,,,,,,0.3191348488192452,,,component__beds_10k / component__ext_he_pct / component__govt_he_pct,高收缩压 / 高血糖 / 膳食风险
JPN,2023,124516650.0,400246.666993144,76509.82492478666,524714.4458260493,70824.16431457999,321.44027886482974,61.44545723386122,421.40103016427867,56.87927222149005,84.7123,81.6877,87.7411,0.925,124370.947,330.0505,48.9585,-0.482,1.2079,29.5618100807812,124516650.0,92.0826903891473,1354173.868063713,,156642.68597064528,97798.90549873847,48873.40494917127,163648.1426299065,205140.6308537459,154423.38200195675,125.80059451538833,78.54283382884014,39.25049778416884,131.42671492519796,164.74955827493423,124.01825940704056,,,,,,,86.0,10.73979473,3638.19287109,84.8254776,0.0,,,,,,,,,,,,,1.0,类型1-高负担转型承压型,-0.0088761577291568,0.8726252158894645,0.701388888888889,0.7870070523891768,0.9326402149345663,0.9553194508579297,0.9371760621192391,-0.1501690097300623,高压高响应型,,,,0.9693436960276338,0.9392801943033783,0.9125055236411843,0.9633473172885847,,,,,,,0.8787243434120503,,,component__ext_he_pct / component__che_pc_usd / component__che_pct_gdp,高收缩压 / 吸烟 / 高血糖
KAZ,2023,20330104.0,50750.831605265885,14384.645120193782,17417.128779312297,4676.967162670903,249.63390057063103,70.75539367724721,85.67161672814018,23.00513151664597,74.4021,70.1116,78.3937,0.837,20330.104,7.5305,29.4645,1.319,3.0124,8.30816704134912,20330104.0,61.7560919499181,967834.6310661348,,17285.486764578047,12757.592100278098,10026.789416107062,8626.66707991118,31590.462086936317,18129.150505548972,85.02409414422104,62.75222251828174,49.31991206787266,42.43297073104584,155.38760690519004,89.17391915727028,,,,,37.54,66.01,83.0,3.76701546,489.71456909,65.83128357,0.18330725,,,,,,,,,,,,,3.0,类型3-相对稳健型,-0.1845091908791232,0.5823078583765112,0.53774467472654,0.5600262665515257,0.6698900547868732,0.7229071730384392,0.6804934784371865,-0.1204672118856609,相对均衡型,,0.8651894451962111,0.738014854827819,0.9129965457685665,0.1914329874144403,0.6444984533804684,0.6957385736365643,,,,,,,0.6413595232840432,,,component__che_pct_gdp / component__ext_he_pct / component__che_pc_usd,高收缩压 / 高血糖 / 膳食风险
KEN,2023,55339003.0,31403.362950218976,5768.085822361393,34249.58110278302,24027.74328374216,56.74725103055973,10.42318348662948,61.89049177988086,43.41918354355274,63.6459,61.4594,65.9202,0.628,55339.003,95.2925,19.5258,1.972,3.2076,2.91330784287267,55339003.0,31.6330340816429,67950.65896304535,,8402.216369226126,28462.425434903907,8629.65164687616,14293.773734689734,22260.99369265424,14749.356620935456,15.183172651712075,51.43284824792364,15.594158150764226,25.82947461971755,40.22658972127532,26.652732831011537,,,,,2.89,12.52,57.0,4.35172892,84.958992,44.90883636,20.13706398,,,,,,,,,,,,,2.0,类型2-低缓冲低承载型,-0.3431319570920823,0.2709412780656304,0.11686816350028785,0.19390472078295912,0.2644053539857751,0.334142213097521,0.27835272580812426,-0.08444800502516514,低压低响应型,,0.16508795669824086,0.19463200540175557,0.3234024179620035,0.28880547582247734,0.3055678303137428,0.40582910134687566,,,,,,,0.16751269035532995,,,component__doctors_10k / component__ext_he_pct / component__nurses_10k,高收缩压 / 高血糖 / 膳食风险
KGZ,2023,7099750.0,15469.0556809287,1044.6189755471887,4050.673606354905,848.9895970111237,217.88169556574104,14.7134613971927,57.05374986943068,11.958021014981142,71.677,68.1791,75.2485,0.72,7073.516,36.8796,25.1268,1.614,2.8,5.42703271096246,7099750.0,34.706439175362,44624.56936817684,27.2,4078.1982151197462,4652.085432546435,2770.718897329837,2238.185538363518,10174.207696525791,6233.274390513203,57.44143406626636,65.52463724140195,39.025583961827344,31.524850006880776,143.30374585761177,87.79568844696226,,,,37.322279153,15.68,40.76,74.0,4.50344467,96.65081787,53.33329391,4.35177565,,,,,,,,,,,,,3.0,类型3-相对稳健型,-0.2516953553888609,0.2883203799654577,0.465709556706966,0.37701496833621184,0.46818815042265316,0.5434398315357064,0.4832384866452638,-0.10622351830905197,低压低响应型,0.6370118845500848,0.4225304465493911,0.4986495611073599,0.6493955094991365,0.31662618679620225,0.3252319929297393,0.5230735261647163,,,,,,,0.372986095784595,,,component__che_pct_gdp / component__che_pc_usd / component__ext_he_pct,高收缩压 / 高血糖 / 膳食风险
KHM,2023,17423880.0,32624.676007273432,7162.985631538428,11165.074827738004,5731.330742834199,187.2411656145097,41.11016393328253,64.07915359689119,32.89353888361375,70.6675,68.0108,73.1868,0.606,17423.88,96.2459,25.8438,1.253,2.5794,5.96118643031327,17423880.0,40.6290788072508,2605059.2166985283,,16214.74311239357,20255.35992557577,3611.1618190369263,5591.427754350107,18015.35388837241,15964.574606728034,93.06046134611562,116.25057062821696,20.725359788043345,32.09060068337309,103.39461640215848,91.62468179721184,,,,,,,62.0,4.61706829,114.56295776,26.8850174,11.26929188,,,,,,,,,,,,,3.0,类型3-相对稳健型,0.0381445097237007,0.5184045768566494,0.5022668393782382,0.5103357081174438,0.2993215445934424,0.5163077265048729,0.3427187809757285,0.16761692714171528,相对均衡型,,,,0.37284110535405873,0.3349525281519099,0.3506407423773752,0.1817178185029808,,,,,,,0.2564555285808872,,,component__govt_he_pct / component__ext_he_pct / component__che_pct_gdp,高收缩压 / 高血糖 / 膳食风险
KIR,2023,132530.0,168.28520296624936,46.54309731511824,65.79641680953463,73.59432404493697,126.97895040085214,35.11891444587508,49.64643236213283,55.53031317055532,66.4731,64.5799,68.1702,0.644,132.53,182.5489,22.6864,1.504,3.1474,4.11829729760319,132530.0,61.5244676194408,2393.3911003050443,,118.1448172460628,77.39550790982645,85.12594028299073,91.73180158299958,93.27909070103122,75.32524806273699,89.14571587268,58.39848178512522,64.23144969666545,69.21587684524226,70.38337787748526,56.836375207679005,,,,,4.68,39.02,51.0,10.94525623,238.12675476,78.46235657,9.2450676,,,,,,,,,,,,,1.0,类型1-高负担转型承压型,0.0061813655652,0.5012953367875648,0.4915443293033967,0.49641983304548076,0.508089448233771,0.3288200205145574,0.47223556268992833,0.02418427035555243,低压低响应型,,0.21008119079837617,0.47923700202565833,0.2700777202072539,0.9470081695738574,0.4745912505523641,0.8915875469198499,,,,,,,0.28404325755903775,,,component__doctors_10k / component__uhc_index / component__ext_he_pct,高收缩压 / 吸烟 / 高血糖
KNA,2023,46758.0,118.62922501395968,8.146434637966005,74.97220428809302,56.61222489072878,253.7089375378752,17.422547238902443,160.3409134011143,121.07494950752552,72.1447,68.5729,76.0233,0.84,46.758,179.8385,35.3488,0.192,1.5051,10.6965652936396,46758.0,31.7007809622822,31282.69699673452,,16.37316666371671,10.867299864959357,46.67281254278166,54.30705915280897,77.94811768429149,53.61330411400874,35.01682420915503,23.24158403900799,99.81781201672796,116.14495733951188,166.70541444093308,114.6612432396782,,,,39.77928911,,65.81,80.0,5.73595428,1294.88391113,54.25442505,0.0,,,,,,,,,,,,,1.0,类型1-高负担转型承压型,0.1493356468025795,0.6712003454231433,0.6033031088082902,0.6372517271157168,0.7085848548229617,0.5488910453368577,0.676646092925741,-0.0393943658100242,相对均衡型,0.669269949066214,,0.736664415935179,0.8287996545768567,0.5082799735040848,0.8042421564295184,0.5341134908368294,,,,,,,0.8787243434120503,,,component__che_pct_gdp / component__govt_he_pct / component__beds_10k,高收缩压 / 吸烟 / 高血糖
KOR,2023,51712619.0,72328.4903070043,18082.432910023785,113106.4943860458,20481.485365171284,139.86622937624625,34.967157455366525,218.72126489289937,39.6063586823388,84.3288,81.1941,87.1577,0.937,51748.739,523.0157,44.4859,-0.041,0.72,18.3350235838597,51712619.0,81.1645551720421,12887960.341766195,,36705.85427811195,36764.74868348466,13548.082533351044,34569.07467665137,35417.10049943258,31544.066781683076,70.98045890522765,71.09434678503646,26.19879401844073,66.8484314759834,68.48831326727539,60.99878016559764,,,,,26.63,94.86,88.0,8.5650692,3043.87329102,58.5876236,0.0,4309.88888827965,61.91887665,0.0,,,,30.25652504,,,,,,3.0,类型3-相对稳健型,-0.4062935849951344,0.6025474956822107,0.4280368451352907,0.5152921704087507,0.7904178252960428,0.9275093541038089,0.817836131057596,-0.30254396064884526,相对均衡型,,0.6432679296346414,0.8663065496286293,0.9872625215889465,0.8026054316626187,0.8965974370304906,0.593066902185913,0.9327827483367744,0.6424298205246204,,,,,0.8787243434120503,0.9337730870712401,0.517779307180546,component__wdi_out_of_pocket_pct / component__govt_he_pct / component__wdi_government_health_expenditure_pct,高收缩压 / 高血糖 / 膳食风险
KWT,2023,4853420.0,3761.3408575798016,124.9806505303992,1551.611359636651,1019.3477706750596,77.49877112592361,2.575104782409089,31.96944339530993,21.00266967777484,80.4047,79.2533,81.8457,0.852,4838.782,271.567,34.4986,1.875,1.5246,2.95275783789783,4853420.0,100.0,25512.055127838557,,1386.554163965708,1552.3323967904205,1991.6611723091244,1732.026097283558,2220.1597733817603,1783.4859802371273,28.568600367693463,31.984299664781133,41.036241914137335,35.686713642824195,45.74423341441211,36.746994495368774,,,,,,,84.0,4.96311998,1679.12353516,88.54973602,0.0,,,,,,,,,,,,,3.0,类型3-相对稳健型,-1.0704895747918957,0.06201424870466321,0.21042026482440987,0.13621725676453655,0.8055575048892909,0.6083710401584977,0.7661202119431324,-0.6299029551785958,相对均衡型,,,,0.935880829015544,0.3941267387944359,0.83429076447194,0.984764848752484,,,,,,,0.8787243434120503,,,component__che_pct_gdp / component__che_pc_usd / component__ext_he_pct,高收缩压 / 高血糖 / 膳食风险
LAO,2023,7664993.0,18755.222603050606,2807.613054485006,6231.859092400128,3635.020455557111,244.6867544830192,36.62903611895022,81.30286736596014,47.42366308171594,68.9637,66.7793,71.2504,0.617,7664.992,33.2105,24.2837,1.375,2.4209,4.53547084357878,7664993.0,38.8070088517156,7895776.968532272,,9059.019556320318,12772.295832042277,1996.2411178287405,3208.297241431788,10215.70789472832,6602.214427307895,118.1869253673202,166.6315394161779,26.04361305781676,41.856492777381376,133.27745889302602,86.13464392345688,,,,17.13111099,,10.27,64.0,1.32651615,27.41773605,39.79618073,15.36303425,,,,,,,,,,,,,3.0,类型3-相对稳健型,0.2158648203139785,0.6369278929188256,0.5984815774323546,0.6177047351755901,0.21375741896816564,0.4916633461961316,0.26933860441375884,0.34836613076183126,相对均衡型,0.2977928692699491,,0.16222147197839298,0.39820811744386875,0.0008831971737690439,0.09611135660627486,0.32788695076175756,,,,,,,0.2131979695431472,,,component__che_pct_gdp / component__che_pc_usd / component__nurses_10k,高收缩压 / 高血糖 / 膳食风险
LBN,2023,5773493.0,8189.394465705615,1540.4183688254952,7151.386740642695,2416.2214291341033,141.84471109093948,26.680873585981573,123.86585972551964,41.85025302938972,77.817,75.7444,79.7338,0.752,5773.492,564.3688,28.3232,0.426,2.2395,9.8244260298251,5773493.0,90.4524074197598,43715585.583664015,,5325.1960191713615,3416.816082277521,3488.370615472339,3681.86325836181,4995.992560953112,2910.2545301857235,92.2352554886853,59.18108989267886,60.42045284323267,63.77184935292742,86.53327476023807,50.40717171018868,,,,,,,67.0,5.57497263,260.8119812,37.90446472,10.15867138,,,,,,,,,,,,,3.0,类型3-相对稳健型,-0.2277793814582467,0.5289831606217616,0.4926597582037997,0.5108214594127807,0.40368909463255054,0.7970140866814535,0.4823540930423311,0.028467366370449554,相对均衡型,,,,0.46027633851468047,0.4895120335614926,0.4958020326999558,0.30315742989622435,,,,,,,0.26969763849039946,,,component__ext_he_pct / component__govt_he_pct / component__uhc_index,高收缩压 / 高血糖 / 膳食风险
LBR,2023,5493031.0,7766.025627744307,876.6533047034667,3737.743223695549,2310.459751890384,141.3796067734609,15.959372971014847,68.04518714158993,42.06165506603519,62.1625,60.8754,63.4445,0.51,5493.031,57.029,18.3577,2.198,3.9498,3.2775620599993,5493031.0,54.997863482224,909.2089549424315,,1146.692102621839,6038.477495744612,2077.610846778055,1994.086882676472,5037.270492639487,3530.2889289964573,20.875398347867307,109.92979096139474,37.82266742674591,36.30212322989752,91.70293218151303,64.26850547532787,,,,,,,49.0,13.00574875,103.94123077,10.00271988,18.28839493,,,,,,,,,,,,,2.0,类型2-低缓冲低承载型,0.0364610731225543,0.4169365284974093,0.39763241220495105,0.4072844703511802,0.3571206807981311,0.21486934125403118,0.3286704128893111,0.07861405746186911,低压低响应型,,,,0.25377806563039723,0.9807904614705233,0.3369421122403889,0.0271583130933981,,,,,,,0.18693445155594793,,,component__govt_he_pct / component__ext_he_pct / component__uhc_index,高收缩压 / 高血糖 / 膳食风险
LBY,2023,7305659.0,17352.73456287771,939.6607097905988,5970.599561874793,3122.1697178354816,237.52456229996105,12.862093752125562,81.72568089853075,42.73631876105197,69.3389,68.2654,70.4165,0.721,7305.659,4.3585,27.1957,1.01,2.3546,4.8781294062589,7305659.0,87.8647197919848,11492.487729630557,,5901.885675292075,3270.915927133939,6400.093347509511,5006.942746098956,12008.031318839749,6258.649404058363,80.7851239058937,44.77235971640531,87.6046000437402,68.535127989124,164.36616216059016,85.668512642848,,,,,,,71.0,7.80515862,470.4034729,80.14811707,0.6753034,,,,,,,,,,,,,3.0,类型3-相对稳健型,-0.2200813798904883,0.47770941278065626,0.5979418537708693,0.5378256332757627,0.6823542789795508,0.5341448047667873,0.6527123841369982,-0.11488675086123545,相对均衡型,,,,0.5765328151986183,0.733495252815191,0.6356606274856386,0.910355486862442,,,,,,,0.5557272125358641,,,component__ext_he_pct / component__uhc_index / component__che_pc_usd,高收缩压 / 高血糖 / 膳食风险
LCA,2023,179285.0,396.2988657724936,52.53123258402022,290.2743229264181,200.5845939631116,221.0440727180153,29.300405825373137,161.90664189777064,111.88029894475925,72.6968,69.3105,76.304,0.748,179.285,291.0463,33.7454,0.266,1.3794,9.29807094310997,179285.0,29.0976313248036,20426.453308908527,,86.98082068000677,48.64315603897129,168.97211528265584,196.44592574158497,272.73222560708666,159.61519134053427,48.51539207407579,27.131748913166906,94.24777046749914,109.57186922586104,152.12216616397728,89.02874827260187,,,,,,53.43,75.0,4.7298274,641.07495117,50.39321136,5.02818251,,,,,,,,,,,,,1.0,类型1-高负担转型承压型,0.2901223784531956,0.7056347150259067,0.5864277489925158,0.6460312320092112,0.5309302918971031,0.45070415395469005,0.5148850643086205,0.13114616770059073,相对均衡型,,,0.6151249155975692,0.677461139896373,0.3530580702141753,0.6988510826336721,0.4815632589975712,,,,,,,0.35952328404325756,,,component__che_pct_gdp / component__ext_he_pct / component__govt_he_pct,高收缩压 / 吸烟 / 高血糖
LKA,2023,22037000.0,69566.70672526404,17195.034372791422,26256.24724862818,21374.90424647815,315.6813846043656,78.02801820933621,119.14619616385254,96.99552682524003,77.4828,74.2438,80.5932,0.776,22971.617,366.3443,32.8124,0.582,1.9737,11.7387099915518,22037000.0,20.1455348442463,259783.8944621792,,18682.25984921478,27590.825199020073,12629.165188624813,27838.08046756004,44283.51945834491,28990.06574642896,84.77678381456089,125.2022743523169,57.30891313983216,126.32427493560849,200.95076216519905,131.55177994476998,,,,39.349430184,11.36,22.58,72.0,3.68313766,134.23654175,33.57352066,6.04523516,,,,,,,,,,,,,1.0,类型1-高负担转型承压型,0.6156215926654026,0.8293393782383419,0.7675230282095568,0.7984312032239493,0.38625679063191104,0.5717866722828756,0.423362766962104,0.37506843626184533,高压低响应型,0.6607809847198641,0.35013531799729364,0.337947332883187,0.6028713298791019,0.17575623758003975,0.37384003535130356,0.25215279311106203,,,,,,,0.3365702935334363,,,component__che_pct_gdp / component__govt_he_pct / component__ext_he_pct,高收缩压 / 吸烟 / 高血糖
LSO,2023,2311472.0,3322.6191836160565,936.846273136308,1600.8124524920577,1149.6622806476976,143.74472992171465,40.53028862717385,69.25510897350509,49.73723586734763,57.3749,54.6199,60.0066,0.55,2311.472,76.1354,21.427,1.123,2.694,3.82680387216458,2311472.0,42.6781596804785,4749.18040990194,,1179.5827587253657,2327.099433256649,1206.5489872857495,1109.4037165861826,2202.928233921443,1364.439599559033,51.031669807177664,100.67608144319505,52.19829560062806,47.995550739363594,95.30412801545694,59.029034293256984,,,,,,,55.0,12.61182117,122.63982391,46.33968353,40.46323013,,,,,,,,,,,,,2.0,类型2-低缓冲低承载型,0.1843747458081633,0.5677353195164077,0.48783822682786426,0.527786773172136,0.42534060207933805,0.24222560400861187,0.3887176024651928,0.13906917070694313,相对均衡型,,,,0.3022452504317789,0.9781408699492161,0.36146707909854175,0.427246632810775,,,,,,,0.057603178106378286,,,component__ext_he_pct / component__uhc_index / component__che_pc_usd,高收缩压 / 高血糖 / 膳食风险
LTU,2023,2871585.0,19889.022774744793,573.6076351522862,8187.61280582395,1031.2326425584204,692.6148024434169,19.9752970973273,285.12521154080235,35.91161823725992,76.025,71.2161,80.6746,0.895,2854.099,45.5773,42.1193,0.891,1.201,19.8561787800633,2871585.0,68.575454583199,26914.49051303622,36.0,3993.3794772306696,1944.236796576867,3849.4579560209577,2528.8879591740383,12470.304947200684,7664.7858994329345,139.0653411697954,67.70605072031184,134.0534219262518,88.06592732494558,434.26556926577774,266.9183011971763,,,,,46.45,77.9,78.0,7.31801939,2044.18371582,65.02508545,0.31852859,2756.13897923605,,,,,,31.83036995,,,,,,1.0,类型1-高负担转型承压型,0.2988348264715184,0.6906303972366149,0.8152705814622913,0.7529504893494531,0.7472227484407388,0.6822212564133591,0.7342224500352629,0.018728039314190204,高压高响应型,,0.9543301759133965,0.7970965563808238,0.7638169257340242,0.6866858026054317,0.856827220503756,0.6833738132037978,0.8777242486808902,,,,,,0.6113440741558155,,0.493805918788713,component__wdi_out_of_pocket_pct / component__ext_he_pct / component__govt_he_pct,高收缩压 / 吸烟 / 高血糖
LUX,2023,666430.0,1222.5803942427858,247.120304976474,1290.4888995089302,233.49166328172913,183.4521846619729,37.08120957587053,193.64207786398129,35.036187338764634,82.2294,80.5678,83.8358,0.922,665.098,256.7946,38.8921,1.235,1.396,15.1061948765445,666430.0,94.8015300320787,105256.89246371407,33.6,459.90382433231673,105.48117392416394,327.7679891090866,350.4618544672244,639.2815583786524,436.05125022619984,69.01007222548756,15.827794955833912,49.182658210027554,52.58794689123004,95.92628758889192,65.43091550893564,,,,39.46768987,,137.21,83.0,5.78777981,7510.99414063,86.60796356,1.21685266,7839.77168696843,87.15292358,1.07059717,,,,8.70916843,,,,,,3.0,类型3-相对稳健型,-0.4475925380229119,0.6034110535405872,0.4069516407599309,0.5051813471502591,0.8208232444855832,0.8160722654733297,0.8198730486831326,-0.3146917015328735,相对均衡型,0.6638370118845501,,0.974341661039838,0.9129965457685665,0.5149039523073526,0.986964206805126,0.9757120777213513,0.9935765083734801,0.9779107225034515,,,,,0.5040829838887663,0.5963060686015831,0.9284239504473503,component__ext_he_pct / component__che_pct_gdp / component__wdi_external_health_expenditure_pct,高收缩压 / 高血糖 / 膳食风险
LVA,2023,1883710.0,14674.603585550269,327.8707522284414,5763.86976985115,1140.4291558832815,779.0266859309697,17.405585372931153,305.984985472878,60.541652158945986,76.1898,71.5601,80.4716,0.889,1882.396,30.2505,43.0784,-0.287,1.3375,21.3320948408305,1883710.0,68.3586316343061,22234.18226256016,34.0,3004.8607602660113,1910.1531769413168,3032.915066545219,2286.568820446932,7526.1974715567585,4910.225231700062,159.51822521863826,101.40378173611208,161.00753653934092,121.3864565377331,399.54119644514066,260.66779024903315,,,,49.468763281,33.52,43.62,77.0,7.27783823,1645.4152832,59.45503235,0.14308351,,,,,,,,,,,,,1.0,类型1-高负担转型承压型,0.4917366462884089,0.7581498272884284,0.8882772020725388,0.8232135146804835,0.697653962738413,0.6984713253279231,0.6978174352563151,0.12539607942416842,高压高响应型,0.7701188455008489,0.777063599458728,0.524983119513842,0.7342400690846287,0.6833738132037978,0.8327441449403447,0.603223669684257,,,,,,,0.6554844405208563,,,component__nurses_10k / component__govt_he_pct / component__ext_he_pct,高收缩压 / 吸烟 / 高血糖
MAR,2023,37712505.0,159113.8895540358,7340.22664053402,29692.90864167632,23034.48811787848,421.91280996591394,19.46364114644206,78.73491469653453,61.07917816087391,75.3128,73.173,77.5996,0.71,37712.505,84.5003,29.1935,1.001,2.2303,7.82574109038898,37712505.0,62.673750838878,13867.1542682866,,23959.05216697343,28010.08996025401,38913.08206556916,38370.07297508911,106467.45489280277,41175.610674060976,63.53078950065351,74.27268477724832,103.18349859169832,101.7436337763538,282.3133994753273,109.18291074554972,,,,7.302350039,7.93,8.69,65.0,6.06396198,232.24751282,56.53299713,0.62005544,,,,,,,,,,,,,1.0,类型1-高负担转型承压型,0.3434122724672127,0.636172279792746,0.7193436960276337,0.6777579879101898,0.3852736566367995,0.4994275681703161,0.40810443894350285,0.269653548966687,高压低响应型,0.09303904923599321,0.29161028416779433,0.13470627954085077,0.41461571675302245,0.5491278427909031,0.46906760936809544,0.565908589092515,,,,,,,0.5641138821452218,,,component__beds_10k / component__nurses_10k / component__doctors_10k,高收缩压 / 吸烟 / 高血糖
MCO,2023,38956.0,85.89744938985716,26.66274113136332,261.37330779066895,22.37623090121036,220.4986379244716,68.44322089373478,670.9449322072825,57.43975485473446,86.3724,84.4481,88.5036,,38.956,26145.302,54.356,-0.922,2.1099,36.3572189493409,38956.0,100.0,187423.48417929228,,84.28519471109692,28.171429592051727,41.15809221331285,43.9334142459987,47.6417397066149,41.97598607608465,216.35998231619504,72.31602215846526,105.65276777213484,112.77701572543047,122.29628223281368,107.75230022611318,,,,,,,85.0,3.11959291,8004.16845703,85.65138245,0.0,,,,,,,,,,,,,1.0,类型1-高负担转型承压型,0.2526325004005927,0.830041018998273,0.7473733448474381,0.7887071819228555,0.7788418318822411,0.9396485838594902,0.811003182277691,-0.022296000354835477,高压高响应型,,,,0.9547711571675302,0.09980128063590196,0.9907202828104287,0.9701920953852947,,,,,,,0.8787243434120503,,,component__che_pct_gdp / component__ext_he_pct / component__uhc_index,高收缩压 / 吸烟 / 高血糖
MDA,2023,2457783.0,20369.44470124798,721.6899554784651,6426.338799608484,770.9560468266586,828.7731138692058,29.363452976868388,261.4689254343644,31.36794610535831,71.1985,66.5678,75.5353,0.785,3067.07,93.275,37.754,-0.89,1.7306,15.6147071961188,2457783.0,43.0011825561523,34082.81737613688,26.8,5145.281130592126,3523.9010451389495,4154.928153322823,3524.250221250812,13958.861456788492,7185.623368645045,209.34643662976455,143.37722431715696,169.05187127272112,143.39143127163024,567.9452358808118,292.36199325347457,,,,55.39159172,39.25,63.17,71.0,6.7359705,451.73007202,69.56813812,2.10214472,,,,,,,,,,,,,1.0,类型1-高负担转型承压型,0.522833399904387,0.7027741796200345,0.9498416810592977,0.8263079303396661,0.6779454810585149,0.6583764937713423,0.6740316836010805,0.15227624673858564,高压高响应型,0.8081494057724957,0.8929296346414073,0.7039162727886563,0.5765328151986183,0.6230956060940605,0.6243923994697305,0.7478472068889379,,,,,,,0.4467005076142132,,,component__ext_he_pct / component__uhc_index / component__che_pct_gdp,高收缩压 / 吸烟 / 高血糖
MDG,2023,31195932.0,33924.94356465983,3392.1034951112574,24098.490352746627,9846.60312498334,108.74797253904718,10.873544329790365,77.24882318869852,31.563740826795428,63.6317,61.9382,65.3769,0.487,31195.932,53.6201,18.8766,2.452,3.9724,3.33516236451659,31195932.0,31.9799438860946,428229.0368914776,,8859.78883990214,28788.542007184493,4902.074517317868,6187.646452296299,21907.66568445692,16484.014346681124,28.400462085576223,92.28300025523998,15.713826140273252,19.83478631860173,70.22603358815155,52.840268874419664,,,,,1.03,2.62,33.0,3.42822957,17.44003487,28.81880569,38.14876938,,,,,,,,,,,,,2.0,类型2-低缓冲低承载型,0.0122400659090783,0.28993955094991364,0.27475532527345997,0.28234743811168683,0.09290450415081582,0.35888587881657047,0.14610077908396674,0.1362466590277201,低压低响应型,,0.08220568335588634,0.02160702228224173,0.10006476683937823,0.140428350629278,0.04021210782147592,0.20070655773901525,,,,,,,0.06510704038843522,,,component__nurses_10k / component__che_pc_usd / component__ext_he_pct,高收缩压 / 高血糖 / 膳食风险
MDV,2023,525994.0,733.8908216033695,173.03658335120068,259.3760615337534,209.38757005089033,139.5245614214933,32.89706410171992,49.3116008041448,39.80797690674995,81.0412,79.6907,82.8191,0.766,525.994,1753.3133,31.1244,0.323,1.5752,4.34510659817412,525994.0,41.5096832933973,64195.60575840129,,332.910464882409,105.85598751263788,121.97503148106708,190.22565551627832,476.7132310046581,285.9606606589423,63.29168486378342,20.12494201695036,23.18943400135117,36.16498582042349,90.6309256388206,54.36576475376949,,,,,,,71.0,9.24973583,1159.02819824,78.90460968,1.54501045,,,,,,,,,,,,,3.0,类型3-相对稳健型,-0.4696973298336682,0.4539075993091537,0.30523172135866433,0.37956966033390904,0.7205795271372779,0.49171877080340354,0.6748073758705031,-0.29523771553659406,相对均衡型,,,,0.5765328151986183,0.8622212408920291,0.7878921785240831,0.897549127842791,,,,,,,0.4787022732288678,,,component__ext_he_pct / component__uhc_index / component__che_pc_usd,高收缩压 / 高血糖 / 膳食风险
MEX,2023,129739759.0,195405.1489210864,33295.32731128124,109370.12172615368,157453.46443221596,150.61315854693888,25.663164143291834,84.29961838155849,121.36099654094158,75.069,72.243,77.8107,0.789,129739.759,66.2192,28.8856,0.877,1.91,7.98664578990007,129739759.0,79.4734935748046,72924.955680153,,50562.8449922835,61369.761027316694,122155.389983714,162429.02014267404,117336.3532607922,102782.86024833786,38.972513423802106,47.30220057470331,94.15416748516851,125.19602425242216,90.43978049997165,79.22233017893755,,,,,27.52,30.48,79.0,5.50398684,760.98840332,48.62679672,0.0,,,,,,,,,,,,,3.0,类型3-相对稳健型,-0.0385811415631532,0.5907275474956822,0.5486111111111112,0.5696693293033968,0.6288723255833484,0.7011883850019189,0.6433355374670625,-0.07366620816366576,相对均衡型,,0.6603518267929634,0.40074274139095206,0.7958765112262521,0.47979686465003313,0.7249226690234203,0.46169132258776774,,,,,,,0.8787243434120503,,,component__nurses_10k / component__govt_he_pct / component__che_pct_gdp,高收缩压 / 高血糖 / 膳食风险
MHL,2023,38827.0,145.9204883153834,13.64581417847466,50.30942338210851,51.07741932044403,375.82220700899734,35.14516748261432,129.57329534115053,131.55128987674564,66.9454,64.9334,69.3343,0.733,38.827,215.7056,20.6993,-3.323,2.9191,4.38225976768743,38827.0,78.3593928884282,5557.11121237543,,51.46270936170361,30.321900406250208,67.70163062406692,79.54373080780073,84.75388530614231,74.69567436215686,132.54361491153995,78.09488347348548,174.36740058224154,204.86705335926217,218.28594871131503,192.38075144141155,,,,,,,66.0,13.40528965,894.21533203,75.04546356,22.93671799,,,,,,,,,,,,,1.0,类型1-高负担转型承压型,0.3465301109955225,0.7900474956822108,0.8434081750143926,0.8167278353483016,0.6326391181150429,0.4673586365206608,0.5995830217961666,0.217144813552135,高压高响应型,,,,0.43544905008635576,0.9829984544049459,0.7503314184710561,0.8509604769264738,,,,,,,0.14345619068638268,,,component__ext_he_pct / component__uhc_index / component__che_pc_usd,高收缩压 / 吸烟 / 高血糖
MKD,2023,1827816.0,11219.900752240008,793.9881908863015,4723.014029609107,1475.6096995523417,613.8419158296026,43.43917499826577,258.3965798312908,80.73075733839411,77.3947,75.1058,79.5697,0.815,1831.802,73.5279,40.2599,-0.468,1.4647,17.5017325840163,1827816.0,62.2518322545779,118174.37806663215,,3617.421383993642,2729.6747402921937,2448.9839468352325,2949.113407496858,7060.984950884825,3905.579595772507,197.90949329657045,149.34078377102475,133.98416179939514,161.34629566087932,386.3072076666811,213.67465848709648,,,,,,,69.0,7.42730284,639.41693115,57.57066345,0.0,,,,,,,,,,,,,1.0,类型1-高负担转型承压型,0.6222561098190127,0.8740284974093264,0.9326065054691998,0.9033175014392631,0.6732062266377108,0.7404100023970628,0.6866469817895812,0.21667051964968198,高压高响应型,,,,0.5153281519861831,0.6948553764627953,0.6970835174547061,0.5800397438728196,,,,,,,0.8787243434120503,,,component__uhc_index / component__govt_he_pct / component__che_pct_gdp,高收缩压 / 吸烟 / 高血糖
MLI,2023,23769127.0,22034.379958337424,3451.4325114132093,14054.980560585347,5432.60406357553,92.70167961295938,14.520653246596767,59.13124432624448,22.85571558255181,60.4394,59.0359,61.8999,0.419,23769.127,19.4799,15.4665,2.972,5.6141,2.40531546645959,23769127.0,31.0031889023235,166968.25432659025,,4819.841909628718,24556.494076348215,4852.528937628999,6804.9757662278225,12331.475058830936,6012.002744313952,20.27774057342837,103.31256203203516,20.415259414571683,28.629472871375643,51.880218650146205,25.29332585211881,,,,,1.88,2.68,41.0,3.81316996,33.9802475,35.38718414,5.98706007,,,,,,,,,,,,,2.0,类型2-低缓冲低承载型,-0.1460002199472005,0.21610535405872194,0.22862694300518138,0.22236614853195166,0.18068024231899887,0.275492381385926,0.1996426701323843,0.02272347839956737,低压低响应型,,0.13261163734776726,0.021944632005401754,0.17076856649395508,0.19783616692426584,0.12859036676977464,0.2748951203356149,,,,,,,0.3381152063562128,,,component__nurses_10k / component__che_pc_usd / component__doctors_10k,高收缩压 / 高血糖 / 膳食风险
MLT,2023,552747.0,1301.143881303658,167.36606175555696,1075.69340507112,328.26516367879424,235.39591916440216,30.27896338750947,194.6086374184066,59.38795935189051,83.2989,81.2723,85.2592,0.924,532.956,1691.9238,40.2808,1.29,1.0976,19.800039778143,552747.0,95.6272277147965,38599.75327712307,,377.03843524575495,225.14561539646857,397.02349315079704,473.21900852863246,745.7342590843697,503.652545229902,68.2117560558004,40.732127971109485,71.82734472566962,85.61222558035276,134.91421194223935,91.11809656676598,,,,,47.19,82.57,82.0,8.84301376,3623.4609375,66.01847839,0.0,,,,,,,,,,,,,1.0,类型1-高负担转型承压型,-0.1319910283693768,0.6902525906735751,0.5719991364421416,0.6311258635578584,0.8542591814065779,0.8593824822841646,0.8552838415820953,-0.22415797802423687,相对均衡型,,0.9570365358592693,0.8197164078325456,0.8865500863557858,0.8268933539412674,0.9122845779938136,0.6986089644513137,,,,,,,0.8787243434120503,,,component__govt_he_pct / component__nurses_10k / component__che_pct_gdp,高收缩压 / 吸烟 / 高血糖
MMR,2023,54133798.0,212584.78273342288,52875.01098371094,55833.19454093494,39985.045115812376,392.7025085759231,97.6746744865582,103.13925237784896,73.86336557396615,66.889,63.7901,70.1639,0.609,54133.798,82.8633,29.5337,0.69,2.1152,7.08914980516562,54133798.0,30.3820718069466,577156.2244745868,,72338.3833650088,125873.14733262718,22637.133393750635,49833.10735536306,130507.55410377675,77400.6068681932,133.62887149541734,232.52229103272447,41.81700569716286,92.05544261897728,241.0833137992216,142.980189323116,,,,,,,52.0,4.45748425,56.18909836,11.11042404,6.07467842,,,,,,,,,,,,,1.0,类型1-高负担转型承压型,0.7189523406590744,0.82426597582038,0.7966321243523317,0.8104490500863558,0.23470213562144454,0.48684241576663206,0.28513019165048203,0.5253188584358738,高压低响应型,,,,0.27817357512953367,0.30713181717818505,0.21741051701281486,0.03554868624420402,,,,,,,0.3352460825424851,,,component__govt_he_pct / component__che_pc_usd / component__uhc_index,高收缩压 / 吸烟 / 高血糖
MNE,2023,623529.0,3557.2895370247966,135.74491933618464,1705.0677473754722,475.97753807224535,570.5090760854422,21.770425968348647,273.45444195466,76.33607066748225,77.0869,73.7348,80.31,0.862,633.552,45.8697,39.291,1.857,1.8026,17.4661274844054,623529.0,65.4731667624849,13890.770017515346,,1318.2188730664457,890.265024870797,737.3796924927376,1037.6987959583282,2093.1564634448073,1362.368099159711,211.41260038690191,142.77844733297042,118.25908538219356,166.42350170695,335.69512620019395,218.4931413229715,,,,,27.84,60.8,70.0,9.6549921,1147.69787598,69.33267212,0.11958321,,,,,,,,,,,,,1.0,类型1-高负担转型承压型,0.5127111696431872,0.7860535405872193,0.9243667242371906,0.855210132412205,0.7105549906330025,0.6647336656605844,0.701390725638519,0.153819406773686,高压高响应型,,0.6667794316644113,0.6806212018906145,0.5454447322970639,0.8856259659969088,0.7867874502872293,0.7425480238463237,,,,,,,0.6660781284484661,,,component__uhc_index / component__ext_he_pct / component__doctors_10k,高收缩压 / 吸烟 / 高血糖
MNG,2023,3481145.0,6203.6515578343315,432.5593427717532,4938.1681528169165,531.4807476186139,178.20721509257243,12.425777805054176,141.85471024093843,15.26741194689144,71.7341,67.2438,76.4303,0.747,3431.932,2.2035,26.7521,1.302,2.685,4.8636009012415,3481145.0,70.4464492797852,4151491.453686252,,2718.8472112622508,2461.5995060212795,1383.3333065052464,997.6539602493808,3386.138488113183,2958.0989288620626,78.10209604202785,70.712351999738,39.73788240665776,28.65878784852055,97.27082578040222,84.97488409308038,,,,85.791151882,43.64,45.62,70.0,6.07207489,359.60980225,44.95745087,3.79695654,,,,,,,,,,,,,3.0,类型3-相对稳健型,-0.5353990819735345,0.33101252158894645,0.44764680483592406,0.38932966321243523,0.6131838806149188,0.6681978847702421,0.6241866814459835,-0.23485701823354832,相对均衡型,0.9643463497453311,0.9343707713125846,0.5445644834571236,0.5454447322970639,0.5511150364318834,0.5709235528060097,0.4067122985206447,,,,,,,0.3879938203487089,,,component__ext_he_pct / component__govt_he_pct / component__nurses_10k,高收缩压 / 高血糖 / 膳食风险
MOZ,2023,33635160.0,24285.820904670996,3258.6208008048775,11026.381319042595,6706.827525119223,72.20367289666824,9.688138248204789,32.78230672618354,19.93993049273208,63.6111,60.3013,66.5437,0.493,33635.16,42.7721,16.323,2.941,4.7628,2.76676995144367,33635160.0,35.7149783148407,10896.86831734363,,4817.482510603546,24145.387018689664,3995.995981115908,4334.031905807311,16018.558286571497,9637.877331740823,14.322757824263496,71.78615180867183,11.88041317810264,12.885420809079877,47.62444503481326,28.654174178867656,,,,,,,50.0,8.50126553,52.96166611,26.45714378,57.71070862,,,,,,,,,,,,,2.0,类型2-低缓冲低承载型,-0.2874919031429497,0.06660189982728842,0.12125791594703512,0.09392990788716177,0.2917218969627557,0.19483756657823142,0.2723450308858508,-0.17841512299868906,低压低响应型,,,,0.26241364421416236,0.7992934422609848,0.20194432169686258,0.17752263192757783,,,,,,,0.017435444714191128,,,component__ext_he_pct / component__govt_he_pct / component__che_pc_usd,高收缩压 / 高血糖 / 膳食风险
MRT,2023,5022441.0,6190.146193177522,667.5727335980033,3196.326095381197,2016.8742233965968,123.24975431622836,13.291798422281184,63.640888870196726,40.157250695361014,68.4836,66.4995,70.4835,0.563,5022.442,4.8728,17.1193,2.95,4.6973,3.21532864046301,5022441.0,59.7142464747058,24289.31721154089,,1137.3691713147537,3921.139749742837,1858.8103182098196,2480.478767882971,4109.677776824449,2842.8424971541867,22.64574479450836,78.07239049185122,37.010097643950814,49.38791252864834,81.82630272460044,56.60280523263861,,,,,,,40.0,4.34333467,92.11444092,34.15849304,19.48104286,,,,,,,,,,,,,2.0,类型2-低缓冲低承载型,-0.0117748143658106,0.3552461139896373,0.37143782383419693,0.3633419689119171,0.24007547955853328,0.3569675094286211,0.2634538855325509,0.09988808337936622,低压低响应型,,,,0.1611614853195164,0.2877014793552661,0.3186036235086169,0.25943916979465664,,,,,,,0.17347163981461047,,,component__uhc_index / component__ext_he_pct / component__govt_he_pct,高收缩压 / 高血糖 / 膳食风险
MUS,2023,1248647.0,4080.855688384113,439.42967527980807,1733.2226827659506,3454.1249362663825,326.8222074280491,35.19246634795968,138.80806046592434,276.6294185839859,74.9263,71.9347,78.1804,0.806,1273.588,627.3833,36.9328,-0.168,1.2407,12.9415870752551,1248647.0,39.0039901092226,143506.58016586822,,1405.5731396053484,945.3632234947104,1981.3494922271425,3757.420400560713,2800.1811266121144,2413.3094027908633,112.56769444089068,75.71100747406676,158.67971430093073,300.9193471462081,224.25722615055452,193.27395194885852,,,,38.041980444,30.15,35.01,75.0,5.56544495,616.20739746,44.32892609,1.96571064,,,,,,,,,,,,,1.0,类型1-高负担转型承压型,0.558749605292208,0.7908570811744386,0.8309225676453655,0.8108898244099021,0.5630543867763338,0.6364505503312831,0.5777336194873237,0.23315620492257838,高压高响应型,0.6444821731748727,0.7090663058186739,0.4415935178933153,0.677461139896373,0.48818723780083906,0.6922227132125497,0.39655553102230073,,,,,,,0.45486647539174574,,,component__govt_he_pct / component__nurses_10k / component__ext_he_pct,高收缩压 / 吸烟 / 高血糖
MWI,2023,21104482.0,18512.823919046143,2328.006418220524,16668.900948798346,6842.693843845658,87.71986878922753,11.030862630130056,78.9827532786559,32.42294145786501,67.3535,64.0726,70.5624,0.517,21104.482,223.205,17.5804,2.574,3.6483,2.59256771636073,21104482.0,16.9748746665356,158581.75295523592,,4439.2837851365375,14982.268646109542,4435.163520113964,4276.277976377871,11736.7515929998,7230.86262002752,21.034791496595545,70.99093285544531,21.015268321269215,20.262416184286685,55.6126020671808,34.262213211523125,,,,,0.83,5.36,52.0,6.53459597,41.26664734,12.81832027,65.50470734,,,,,,,,,,,,,2.0,类型2-低缓冲低承载型,-0.0121458534240983,0.2714810017271157,0.19106217616580312,0.2312715889464594,0.17583470517572825,0.2784570138478432,0.19635916691015126,0.03491242203630815,低压低响应型,,0.06140054127198918,0.0737677245104659,0.27817357512953367,0.5994700816957386,0.1606274856385329,0.04769264738352837,,,,,,,0.009710880600308983,,,component__ext_he_pct / component__govt_he_pct / component__doctors_10k,高收缩压 / 高血糖 / 膳食风险
MYS,2023,35126298.0,66498.75307774179,7087.390539355727,34105.94515999925,13459.806086443225,189.31329762601737,20.176878700271025,97.09518822620949,38.31831662546171,76.6571,74.2722,79.3695,0.819,35126.298,106.9131,30.0576,1.241,1.55,7.45117376160733,35126298.0,76.4434752105739,26969.372034236607,,25679.194817011947,16315.335518575255,11137.492578097444,20982.966615390094,41413.22406287787,29200.10719870463,73.10532643380736,46.44763737577827,31.706992231568055,59.7357757865349,117.8980604869829,83.12890586621064,,,,19.628884298,23.41,40.54,80.0,3.95760036,450.33853149,50.02873993,0.00139224,,,,,,,,,,,,,3.0,类型3-相对稳健型,-0.1404782046936754,0.5008635578583766,0.46772452504317785,0.4842940414507772,0.5404719207394524,0.653344922253241,0.5630465210422101,-0.07875247959143289,相对均衡型,0.35382003395585737,0.571041948579161,0.4962862930452397,0.8287996545768567,0.22102009273570325,0.6235086168802475,0.47626407595495696,,,,,,,0.7530346501875965,,,component__che_pct_gdp / component__beds_10k / component__govt_he_pct,高收缩压 / 高血糖 / 膳食风险
NAM,2023,2963095.0,3012.6221660056053,878.5660989832901,1820.3247019218536,1260.871661058478,101.6714673679246,29.650284549880787,61.43322107194854,42.55252231394802,67.3848,63.3273,71.3374,0.665,2963.095,3.5991,20.9567,2.366,3.2118,3.57118148422511,2963095.0,49.9545837830821,22578.027786259296,,1075.093297833207,1586.3049586201523,1075.9339735119324,1307.0868137624143,1874.9070645081829,1358.2248373266289,36.28278195040008,53.53540668186988,36.31115349025031,44.11221421393557,63.2752937218747,45.83804560186659,,,,,6.44,39.17,66.0,9.48251629,397.09063721,58.50912857,11.38449574,,,,,,,,,,,,,3.0,类型3-相对稳健型,-0.2176138831691246,0.43458549222797926,0.30530368451352907,0.36994458837075417,0.4977137207831343,0.37285031722082873,0.4727410400706732,-0.10279645169991902,低压低响应型,,0.2496617050067659,0.4810938555030385,0.43544905008635576,0.8745860013247958,0.5958904109589042,0.592183705012144,,,,,,,0.255131317589936,,,component__doctors_10k / component__ext_he_pct / component__uhc_index,高收缩压 / 高血糖 / 膳食风险
NER,2023,26159867.0,23342.357240201705,3912.667123021997,8559.507561378556,6052.768630429289,89.22964799554104,14.956754646428427,32.71999647925792,23.137612398523626,61.1833,60.2599,62.1293,0.419,26159.867,20.652,15.2495,3.307,6.0615,2.57103562491354,26159867.0,17.7506873295237,103085.4043171442,,4315.4377246774075,33451.62433821288,2652.8429276987813,5369.100595133489,12812.845819646023,6522.6902722654995,16.496405446852645,127.873831844072,10.140888436851691,20.52418919076878,48.97901743784104,24.93395808268253,,,,,0.38,4.21,39.0,4.04895782,26.01301575,24.00525284,14.5821228,,,,,,,,,,,,,2.0,类型2-低缓冲低承载型,-0.1512243254242094,0.14523963730569947,0.19397668393782386,0.16960816062176165,0.13085324605272694,0.2310205319564405,0.15088670323346967,0.01872145738829198,低压低响应型,,0.015730717185385656,0.04945982444294396,0.15177029360967184,0.2366968425701038,0.08904109589041095,0.1521307131817178,,,,,,,0.22114323548885456,,,component__doctors_10k / component__nurses_10k / component__che_pc_usd,高收缩压 / 高血糖 / 膳食风险
NGA,2023,227882945.0,230227.98091195317,28662.167750395864,115712.88622457183,62769.47226155275,101.02905283761064,12.577583526663595,50.77733492718019,27.54461166962396,54.4623,54.176,54.7431,0.56,227882.945,250.2091,17.7545,2.096,4.4817,3.02816298955589,227882945.0,62.1746763155343,331049.976423582,,20708.395026689945,205752.94096249485,57496.13779461033,52038.27334522149,146017.99752940284,68866.81156088268,9.087294806853556,90.28887219379004,25.230557642043077,22.8355278387426,64.0758778720377,30.22025696608523,,,,,3.8,,47.0,3.8615799,61.56990051,14.13840103,12.24017048,,,,,,,,,,,,,2.0,类型2-低缓冲低承载型,-0.3091132902934995,0.21831822107081178,0.2152777777777778,0.21679799942429478,0.19575302833201325,0.45939772229514175,0.24848196712463896,-0.03168396770034418,低压低响应型,,0.19164411366711773,,0.23585924006908462,0.2060057407816295,0.23972602739726026,0.056745418414661075,,,,,,,0.2445376296623262,,,component__govt_he_pct / component__doctors_10k / component__che_pct_gdp,高收缩压 / 高血糖 / 膳食风险
NIC,2023,6823613.0,7350.133693406059,1436.814124445017,4377.7805087115685,5251.715998431236,107.7161570183722,21.05650077818037,64.1563422297186,76.96386061799278,74.9468,72.305,77.4185,0.706,6823.613,56.7028,25.2669,1.362,2.218,5.37928367274053,6823613.0,59.1250953674316,20807.204237061465,,1617.6653389324963,3674.5643999234057,3323.333356551718,4155.320848730084,5542.445989407093,4243.055080169767,23.70687404066579,53.85071515520305,48.70342671179796,60.89619749434917,81.2245065686916,62.181942032318766,,,,,,,70.0,8.29879284,216.55238342,57.42655945,3.41096878,,,,,,,,,,,,,3.0,类型3-相对稳健型,-0.2092738513296599,0.4770617443868739,0.38637017846862404,0.43171596142774893,0.5521699522554202,0.46814877013246087,0.5353657158308284,-0.10364975440307944,相对均衡型,,,,0.5454447322970639,0.7805255023183926,0.45625276182059216,0.5789357474056083,,,,,,,0.3996910174354447,,,component__ext_he_pct / component__che_pc_usd / component__uhc_index,高收缩压 / 高血糖 / 膳食风险
NLD,2023,17877117.0,39933.56121888888,11140.292604404993,57263.990256813704,7809.663628634058,223.3780828244782,62.315934970974304,320.32005080468906,43.685252094250195,82.1576,80.5385,83.7385,0.955,18092.524,537.3326,41.3962,0.807,1.43,20.1567559021407,17877117.0,95.3221682092129,53197.69083836658,,20706.24700846638,5189.555180102553,10681.362611805098,12405.925133917995,20672.406266833048,12689.431473096112,115.82542648496612,29.029038519480256,59.748798488062135,69.3955582095144,115.63613006970336,70.98141984021312,,,,,38.68,112.31,85.0,9.83150005,6371.85595703,68.36824799,0.01048008,,,,,,,,,,,,,1.0,类型1-高负担转型承压型,-0.1589005481111218,0.7845423143350605,0.5276698330454808,0.6561060736902706,0.8718769511331058,0.889303547269839,0.8753622703604526,-0.21925619667018192,相对均衡型,,0.8837956698240866,0.9334908845374746,0.9547711571675302,0.893353941267388,0.9774635439681838,0.7268712740119232,,,,,,,0.7333921871551534,,,component__govt_he_pct / component__ext_he_pct / component__doctors_10k,高收缩压 / 吸烟 / 高血糖
NOR,2023,5519601.0,11120.261758129152,3511.895180767318,12958.755907475705,1648.4890896120205,201.46858003194708,63.625888551859425,234.7770410845948,29.866091581837537,83.3078,81.7482,84.8487,0.97,5519.167,18.1417,39.5397,1.109,1.4048,18.5338475896816,5519601.0,83.0718560702166,279193.07929352357,26.5,3280.1453104477455,487.86876724758287,2477.596654152099,3538.4853026479677,5737.904254962443,3890.187836935169,59.42721784505339,8.838841199709597,44.88724192477135,64.10762847981164,103.95505499333092,70.47951177875301,,,,32.992291592,49.75,160.4,89.0,9.42925453,8296.35546875,86.10611725,0.0,,,,,,,,,,,,,3.0,类型3-相对稳健型,-0.4927502311083463,0.6659650259067357,0.41706246401842256,0.5415137449625791,0.9055358392251767,0.9167271924062025,0.9077741098613819,-0.36626036489880276,相对均衡型,0.5786078098471986,0.9668470906630582,0.9895340985820391,0.9933074265975821,0.8712740119231619,0.9924878479893946,0.9735040847869287,,,,,,,0.8787243434120503,,,component__beds_10k / component__che_pct_gdp / component__ext_he_pct,高收缩压 / 高血糖 / 膳食风险
NPL,2023,29694614.0,49234.89166218542,28746.70039485903,17033.373224728766,11241.34795108699,165.80411404635677,96.8077928032977,57.36182738300207,37.85652156006133,70.3537,68.8354,71.8366,0.622,29694.614,201.7558,24.679,-0.139,1.9841,6.36058770858938,29694614.0,66.5432933453944,40056.523611379824,,28155.049718121245,41315.70549356423,6887.5523492005805,14441.774547292223,23018.259210875192,17175.875239921836,94.8153416579897,139.13535125785515,23.19461821999296,48.63432320518537,77.51661365551071,57.84171917480334,,,,5.393233938,10.11,40.92,58.0,6.15843678,83.96018982,31.30563164,6.9469142,,,,,,,,,,,,,1.0,类型1-高负担转型承压型,0.163074847716463,0.5739421416234888,0.49233592400690845,0.5331390328151986,0.32823134221700917,0.5174574886776508,0.3660765715091375,0.16706246130606106,相对均衡型,0.050933786078098474,0.3325439783491204,0.5,0.33560017271157166,0.5612718039302275,0.30380026513477687,0.2230072863766836,,,,,,,0.3186934451555948,,,component__beds_10k / component__govt_he_pct / component__che_pc_usd,高收缩压 / 吸烟 / 高血糖
NRU,2023,11875.0,41.07800421974319,3.002477394072137,14.919400620057912,15.639320504021455,345.9200355346795,25.284020160607472,125.63705785311925,131.69954108649648,62.1094,60.2811,64.0034,0.703,11.875,593.75,20.4339,0.505,3.3312,2.67789473684211,11875.0,100.0,11050.651096045844,,19.39042117069048,2.6442566865466657,22.34245093726335,16.374350294271913,24.742502377045646,19.22784636635777,163.2877572268672,22.267424728814024,188.14695526116503,137.889265635974,208.35791475406864,161.9187062430128,,,,,,,62.0,18.21076012,2292.37329102,83.6470871,13.42591763,,,,,,,,,,,,,1.0,类型1-高负担转型承压型,0.0080777651019606,0.7321891191709845,0.7644286125503742,0.7483088658606794,0.6827883585146869,0.4576293971860899,0.6377565662489676,0.11055229961171176,高压高响应型,,,,0.37284110535405873,0.9953632148377125,0.8700839593460009,0.9430337822918967,,,,,,,0.23261973074376519,,,component__ext_he_pct / component__uhc_index / component__che_pc_usd,高收缩压 / 吸烟 / 高血糖
NZL,2023,5200000.0,11912.78079148337,2586.1166817863,12062.279353923945,1869.3598147383395,229.0919382977571,49.73301311127501,231.9669106523836,35.94922720650653,82.088,80.4123,83.7696,0.938,5172.836,19.5273,37.2801,0.83,1.6671,16.7985801212333,5200000.0,83.8898991461229,49242.096149785626,,3662.6087571799394,924.1561046850636,3489.842534564392,3579.737015556657,5504.764683189662,4335.201488737055,70.43478379192192,17.77223278240507,67.11235643393061,68.84109645301263,105.86085929210888,83.36925939878952,,,,25.055873573,36.8,122.23,89.0,10.12947655,4997.24316406,77.68591309,0.0,,,,,,,,,,,,,1.0,类型1-高负担转型承压型,-0.2427650258545097,0.6985103626943006,0.4963298791018998,0.5974201208981001,0.858801229510477,0.8327499485495728,0.8535909733182963,-0.2561708524201961,相对均衡型,0.4492359932088285,0.8531799729364006,0.9554355165428764,0.9933074265975821,0.9096930889821152,0.9482987185152453,0.8825347758887172,,,,,,,0.8787243434120503,,,component__beds_10k / component__doctors_10k / component__ext_he_pct,高收缩压 / 吸烟 / 高血糖
OMN,2023,5049269.0,4341.320555079459,358.9033508458381,1597.4915335386954,1540.5105915184226,85.9791893654202,7.108025950802742,31.638075403364237,30.50957656481409,80.0305,78.4904,81.8816,0.858,5049.269,16.3143,29.2679,4.591,2.5251,2.66044451186895,5049269.0,79.5702973228932,19168.374756085457,,915.8085643569854,1644.8322796443936,2095.3141968326327,1974.4771681598563,2906.787076584037,1610.6144662597158,18.137448497138603,32.57565163678928,41.49737708235851,39.10421821772332,57.56847330938473,31.897973078077555,,,,9.949957103,,,73.0,3.49047446,732.04089355,85.34009552,0.0,,,,,,,,,,,,,3.0,类型3-相对稳健型,-0.7547444074317855,0.13671200345423146,0.1964953943580887,0.16660369890616006,0.58078654008386,0.5319175742710947,0.5710127469213069,-0.4044090480151468,相对均衡型,0.1460101867572156,,,0.625107944732297,0.14859792448664164,0.7189571365444101,0.9673217045705453,,,,,,,0.8787243434120503,,,component__beds_10k / component__che_pct_gdp / component__uhc_index,高收缩压 / 高血糖 / 膳食风险
PAK,2023,247504495.0,339226.18052561465,109487.12231254629,168407.0773170524,68296.79554413611,137.0585938350795,44.236417731543135,68.04202780925348,27.59416371170799,67.649,65.3325,70.1633,0.544,247504.495,321.0675,20.2872,1.48,3.6052,4.19627145721884,247504495.0,38.8191861872791,73889.10093750242,,147282.84679054838,247948.8423944465,65280.09269628087,100434.5840749435,174920.82101258388,158711.3423336162,59.50714017963528,100.1795310402126,26.375316010434833,40.57889295099206,70.67379564665437,64.1246302753476,,,,,9.71,,56.0,2.51988316,30.48608398,35.71940231,9.66909981,,,,,,,,,,,,,2.0,类型2-低缓冲低承载型,0.1399979135195153,0.46837219343696024,0.4132843983880254,0.44082829591249284,0.22542705415380723,0.38484290108949293,0.2573102235409444,0.18351807237154844,低压低响应型,,0.32493234100135315,,0.3120682210708117,0.04901744314418194,0.11091471498011489,0.2788695076175756,,,,,,,0.276760097108806,,,component__che_pct_gdp / component__che_pc_usd / component__ext_he_pct,高收缩压 / 高血糖 / 膳食风险
PAN,2023,4458759.0,6870.563740919224,890.2036737601633,4104.022175023815,2935.9938511111413,154.09139047253336,19.96527898817055,92.04404577650004,65.84778076391079,79.5937,76.6541,82.5574,0.839,4458.759,60.1097,29.6027,1.289,2.1192,9.05673529338545,4458759.0,65.8601271176084,21127.461538557352,48.9,899.8065054476199,1551.7027605693702,2428.68092064178,3541.7802751162208,4229.33412132922,3120.405021417879,20.1806490426511,34.80122519672784,54.469885469068416,79.43421645162299,94.8545126868086,69.98371119447988,,,,19.539069055,,,82.0,8.33022976,1557.81286621,51.21797943,0.7615695,,,,,,,,,,,,,1.0,类型1-高负担转型承压型,-0.1438012138669471,0.5436096718480139,0.40220207253886014,0.47290587219343705,0.64831579845008,0.5167405509574131,0.6220007489515467,-0.14909487675810962,相对均衡型,0.35212224108658746,,,0.8865500863557858,0.7853830867741223,0.8263367211665931,0.493265621550011,,,,,,,0.5462370337673803,,,component__beds_10k / component__govt_he_pct / component__ext_he_pct,高收缩压 / 吸烟 / 高血糖
PER,2023,33845617.0,31703.46083872777,12956.512111475076,45321.49567816892,18310.047718649825,93.6708018610734,38.28121115793243,133.9065429895071,54.09872633921794,77.7401,75.4133,80.1232,0.794,33845.617,26.4401,29.4512,1.118,1.9802,8.99256615708912,33845617.0,84.7810255849745,13288.461279514791,40.7,8167.212167452544,16983.874191031126,16049.492195683604,15595.542396758146,19731.791226896476,14541.676947909084,24.130782332768653,50.18042422163888,47.41970635572577,46.07846976687748,58.2993987874308,42.9647270070718,,,,15.604974789,16.88,27.38,68.0,5.63786411,445.52667236,63.57583237,0.0,,,,,,,,,,,,,3.0,类型3-相对稳健型,-0.1363712662696049,0.5630936960276338,0.2858376511226252,0.42446567357512954,0.529082098647918,0.5624816605869094,0.5357620110357163,-0.11129633746058676,相对均衡型,0.2631578947368421,0.44299729364005414,0.3787981093855503,0.48693868739205526,0.4967984102450872,0.620415377817057,0.6648266725546478,,,,,,,0.8787243434120503,,,component__beds_10k / component__nurses_10k / component__doctors_10k,高收缩压 / 高血糖 / 膳食风险
PHL,2023,114891199.0,225495.2713484546,32185.665398137808,78981.89070470574,66733.61978540658,196.26853345699232,28.01403908939779,68.74494425348084,58.08418779353724,69.8327,66.893,72.8186,0.72,114891.199,382.9707,25.2867,0.835,1.9157,5.26217156111322,114891199.0,55.1242716168851,60463.676337467965,39.3,95573.77123607264,99041.39184692837,42135.571568578176,68678.983940824,128010.34149656174,106355.79334111128,83.18632938635503,86.20450714151602,36.674324870243694,59.77741074912448,111.41875322979416,92.57087946406692,,,,,,,69.0,5.10122538,194.05484009,42.39336395,0.08919102,381.50535725661354,42.39339066,0.08917269,,,,44.36002731,,,,,,1.0,类型1-高负担转型承压型,0.065753089419163,0.5664399827288428,0.5482153137593553,0.557327648244099,0.4819947792811223,0.4820716354635309,0.48201015051760404,0.07531749772649493,相对均衡型,,,,0.5153281519861831,0.417089865312431,0.4359257622624834,0.3689556193420181,0.4794677678366598,0.3732167510354349,,,,,0.6793202383579784,0.7807387862796834,0.2879100711172287,component__wdi_out_of_pocket_pct / component__govt_he_pct / component__wdi_government_health_expenditure_pct,高收缩压 / 吸烟 / 高血糖
PLW,2023,17727.0,68.67408064680693,15.292115816705085,41.241749554417794,26.658946839003036,387.3982097749587,86.26454457440676,232.64934593793532,150.38611631411428,69.269,67.1542,71.7982,0.786,17.727,38.538,37.8433,-0.231,1.9067,10.8503737131575,17727.0,79.1531991438847,13192.01186636087,,32.40864047017386,4.175423114744592,30.151404021147567,34.91506414152448,43.62302163879808,33.714471338362635,182.820784510486,23.5540312221165,170.08745992636975,196.95980223119807,246.08236948608385,190.18712324906997,,,,,18.08,66.1,75.0,10.85468197,1683.8458252,60.85806656,18.52096558,,,,,,,,,,,,,1.0,类型1-高负担转型承压型,0.5198738656664817,0.9156951640759932,0.788248416810593,0.8519717904432931,0.6377433292968931,0.6237764468024793,0.6349499527980104,0.2170218376452827,高压高响应型,,0.46244925575101486,0.7393652937204591,0.677461139896373,0.9430337822918967,0.8349536014140522,0.6230956060940605,,,,,,,0.18384462591039505,,,component__ext_he_pct / component__doctors_10k / component__govt_he_pct,高收缩压 / 吸烟 / 高血糖
PNG,2023,10389635.0,20024.417213549656,5018.2206914370045,6765.603595732871,5157.683489655528,192.73455914042847,48.3002597438409,65.11878035881792,49.64258599705887,66.134,63.739,69.0846,0.576,10389.635,22.9423,22.3437,1.798,3.0995,3.34830819369497,10389635.0,15.0581017891206,4527.234037434276,,8474.009407451409,13590.928901699896,4936.570623100602,5921.173663922403,8908.492380524825,9941.346107794056,81.56214734638328,130.81238081703444,47.51437969765638,56.99116151743929,85.74403605636603,95.68522963313008,,,,6.186932963,0.61,8.88,32.0,2.87081432,85.15021515,73.25162506,18.19424438,,,,,,,,,,,,,2.0,类型2-低缓冲低承载型,0.5207425640193089,0.6160405872193437,0.5874712147380542,0.601755900978699,0.2166434472995216,0.15597527791974886,0.20450981342356706,0.39724608755513197,相对均衡型,0.06723259762308999,0.04262516914749662,0.1362255232950709,0.09348013816925733,0.07507175977036873,0.30623066725585507,0.8242437624199602,,,,,,,0.18803796071507395,,,component__doctors_10k / component__beds_10k / component__che_pct_gdp,高收缩压 / 高血糖 / 膳食风险
POL,2023,36687353.0,156361.35732751325,9463.749923790445,117633.3657411944,17236.743078187053,426.1996152393803,25.79567384921568,320.6373753407459,46.98279289374476,78.6329,74.8775,82.3538,0.906,38762.844,126.5957,41.3098,-0.264,1.2994,19.5609114692528,36687353.0,59.8859561370214,41243.761209842865,28.5,59334.21151523841,29254.47810380457,41993.166516536,48928.2159746728,87094.03691998975,66919.2473901744,161.72933358053498,79.73995317624733,114.46224129752834,133.3653479297697,237.39525966888303,182.4041309008431,,,,,36.49,63.11,82.0,7.13848782,1577.98168945,77.10754395,0.06248592,2472.6620932044298,,,,,,16.18947983,,,,,,1.0,类型1-高负担转型承压型,0.2418991554868519,0.7563147668393783,0.8341968911917098,0.795255829015544,0.7925999343499106,0.762634266596096,0.7866068007991478,0.008649028216396237,高压高响应型,,0.8470906630581867,0.7032410533423362,0.8865500863557858,0.6705674541841466,0.8285461776403005,0.8774563921395452,0.8641890341821519,,,,,,0.6938865592584419,,0.7618719889883001,component__che_pct_gdp / component__ext_he_pct / component__nurses_10k,高收缩压 / 吸烟 / 高血糖
PRK,2023,26418204.0,110332.31993526148,17861.925676243234,41591.38033981191,9371.88149980641,417.63747427819646,67.61218770300674,157.43454907007273,35.47508944895122,73.6418,71.4565,75.7437,,26418.204,219.4021,36.048,0.319,1.7803,12.0285977805304,26418204.0,63.5382165423021,,,34419.39978507996,61566.11149753833,11628.374669753195,17343.6435447101,66609.34358224765,41729.04316992391,130.2866757523712,233.04427317443051,44.01652235614955,65.65035058670188,252.1342615957074,157.95563986834196,,,,,,,77.0,,,,,,,,,,,,,,,,,1.0,类型1-高负担转型承压型,0.301735962160568,0.7513493091537133,0.7752230857800807,0.763286197466897,0.7342400690846287,0.6604058721934369,0.7194732297063904,0.04381296776050658,高压高响应型,,,,0.7342400690846287,,,,,,,,,,,,,component__uhc_index,高收缩压 / 吸烟 / 高血糖
PRT,2023,10578174.0,32503.624237484408,7202.036325564016,33040.614812177104,9000.276812571745,307.27065217006646,68.08392758111198,312.34705358578054,85.08346348407339,82.3599,79.4371,85.1185,0.89,10430.738,113.3961,46.2001,-0.002,1.5078,24.1115106141099,10578174.0,61.2048652633664,26704.778904778435,33.9,8799.327218740673,4710.892262033361,10336.779645786466,15232.78786856902,17740.615408414185,9493.023781247335,83.18380108646987,44.53407801793921,97.71799599615647,144.002054310782,167.70961990617838,89.74161118211268,,,,,60.22,80.09,83.0,10.02761173,2762.26293945,61.43894577,0.068488,3597.55198523783,,,,,,29.76397705,,,,,,1.0,类型1-高负担转型承压型,0.243291642338836,0.9017702936096719,0.6662708693149108,0.7840205814622914,0.8058353543744243,0.688525189384634,0.7823733213764663,0.001647260085825053,高压高响应型,,0.9854533152909337,0.8068872383524646,0.9129965457685665,0.9035107087657319,0.8864339372514362,0.6321483771251932,0.908924065152558,,,,,,0.6903553299492385,,0.5258086717136958,component__wdi_out_of_pocket_pct / component__govt_he_pct / component__ext_he_pct,高收缩压 / 吸烟 / 高血糖
PRY,2023,6844146.0,11010.101983516986,1704.8779527485328,7179.558958419879,4804.6919631791225,160.86889413985304,24.91001730162584,104.90072769370904,70.20148259810826,73.8443,70.8865,76.9528,0.756,6844.146,16.9216,26.3413,1.245,2.4224,6.36927529015307,6844146.0,69.3466081733694,11286248.685939789,44.2,4558.404074625915,3787.158418353591,4676.489927415764,5533.26838382978,6848.796923031037,4475.62132621708,66.60296368058069,55.33427279829494,68.32831922953959,80.84673213911246,100.0679547606237,65.39342273261092,,,,,,,79.0,8.35731316,526.5098877,55.41991043,0.03160404,,,,,,,,,,,,,3.0,类型3-相对稳健型,-0.2138065989375646,0.5840349740932642,0.5260506620610248,0.5550428180771445,0.7021451975965844,0.6010312408072336,0.6819224062387144,-0.12687958816156986,相对均衡型,,,,0.7958765112262521,0.7875910797085449,0.6608484312859036,0.5517774343122102,,,,,,,0.714632531450011,,,component__govt_he_pct / component__che_pc_usd / component__ext_he_pct,高收缩压 / 高血糖 / 膳食风险
PSE,2023,5165775.0,6124.800905713376,485.689380224863,2808.016977862192,2151.2041310528903,118.56499568241698,9.402062231221125,54.3580968559837,41.6433958322399,65.1703,59.691,71.5017,0.674,5409.202,898.5385,19.7631,1.524,3.3114,3.80247435781418,5165775.0,86.8576870415886,3427.4173289834475,36.4,2234.5406807565337,1753.0196248179343,3141.9319936813636,2905.705559130313,3900.355771878107,2937.5194570224553,43.25663972504675,33.935268663810064,60.8220836889211,56.249169952820495,75.50378736739613,56.86502910061811,,,,,,,65.0,10.73343945,345.67965698,41.43405914,8.65058231,,,,,,,,,,,,,3.0,类型3-相对稳健型,-0.3704944776267827,0.30397236614853196,0.3881332757628095,0.3460528209556707,0.5127798806326409,0.4235726590605333,0.49493843631821943,-0.14888561536254874,低压低响应型,,,,0.41461571675302245,0.9388385957164938,0.5634114007954043,0.3548244645617134,,,,,,,0.2922092253365703,,,component__ext_he_pct / component__govt_he_pct / component__uhc_index,高收缩压 / 高血糖 / 膳食风险
QAT,2023,2656032.0,1015.2434609255844,67.76348524208156,528.0941310974333,430.619019334454,38.22406736536248,2.5513053021229246,19.882822612733328,16.212870151205028,82.368,81.6108,83.3676,0.886,2979.082,257.1277,33.1888,2.24,1.7292,1.57209502793142,2656032.0,99.2835325193835,136172.80655512266,,372.7328769548009,516.9645467237875,615.24556854008,528.8851621663163,593.5662694833153,482.86701885645033,14.033448277535848,19.463792105057,23.164087200006627,19.912605050176968,22.34785836478308,18.180015107365055,,,,,30.22,84.89,84.0,2.52358818,1804.35424805,83.0215683,0.0,,,,,,,,,,,,,3.0,类型3-相对稳健型,-1.4183885743562017,0.019484024179620033,0.07102763385146806,0.04525582901554404,0.7411461681009932,0.6595276967906397,0.7248224738389226,-0.6795666448233786,相对均衡型,,0.7110960757780784,0.8328831870357867,0.935880829015544,0.0492382424376242,0.8426866990720283,0.9375137999558402,,,,,,,0.8787243434120503,,,component__che_pct_gdp / component__doctors_10k / component__nurses_10k,高收缩压 / 高血糖 / 膳食风险
ROU,2023,19061062.0,128149.06557181638,6595.792685812839,51429.66509634741,6208.3899999909445,672.3081094422565,34.60349001442228,269.81531824589524,32.57106031128247,75.9381,72.3966,79.5551,0.845,19118.479,83.0964,42.6213,-0.53,1.7133,19.7531409207066,19061062.0,52.1645747011867,32254.12894299425,29.8,30218.00266913925,20373.482961463673,20959.990386132235,23764.371967551506,81655.54258775857,47762.08988056476,158.53262881752994,106.88535067701724,109.96234305377232,124.67496285123832,428.3892607230309,250.57412792930825,,,,,37.12,83.34,77.0,5.70901489,1050.99755859,75.86407471,0.0,,,,,,,,,,,,,1.0,类型1-高负担转型承压型,0.4122946730865984,0.7322970639032815,0.8810449050086356,0.8066709844559585,0.7766224113171225,0.6959294973400871,0.7604838285217155,0.04618715593424305,高压高响应型,,0.8585926928281461,0.8227548953409858,0.7342400690846287,0.5065135791565467,0.7737516570923553,0.8617796423051446,,,,,,,0.8787243434120503,,,component__che_pct_gdp / component__uhc_index / component__che_pc_usd,高收缩压 / 吸烟 / 高血糖
RUS,2023,143826130.0,900952.9945980865,35861.61448535546,305762.82811550924,56151.89495838832,626.4181582290273,24.93400502770634,212.59198736384636,39.04151141269554,73.1541,67.2561,79.0375,0.832,145440.5,8.8815,39.4535,-0.323,1.449,16.6046427349856,143826130.0,74.9805047873279,282379.2749122815,33.0,244080.5106981526,91733.63132667416,165987.3644075695,143149.4667605928,518240.7371414578,320155.5229274023,169.70526197023628,63.780921677218295,115.40835062972874,99.5295269090483,360.324467564731,222.59899708585797,,,,68.089835552,,,81.0,7.04438496,1003.33166504,70.04312897,0.0,,,,,,,,,,,,,1.0,类型1-高负担转型承压型,0.1841676404256288,0.692573402417962,0.8142630972941854,0.7534182498560738,0.8020920820343361,0.7756529384693069,0.7968042533213304,-0.04338600346525667,高压高响应型,0.8916808149405773,,,0.8583765112262521,0.6597482888054759,0.7660185594343791,0.758003974387282,,,,,,,0.8787243434120503,,,component__che_pct_gdp / component__govt_he_pct / component__che_pc_usd,高收缩压 / 吸烟 / 高血糖
RWA,2023,13954471.0,16290.067949163984,2364.8894483635117,13074.46394217375,5764.730919835795,116.73726613616512,16.947180931212024,93.69372685051086,41.31099573631845,67.7852,65.4927,69.8857,0.578,13954.472,576.3929,19.4401,2.177,3.6982,3.82185022198798,13954471.0,28.8555310645477,288755.4747019769,39.4,5538.126156575483,12173.48733541421,2619.941136888049,3195.1648772479284,10313.22486025494,6339.893478606339,39.68710928974293,87.23718251601375,18.774922653019587,22.897069170504057,73.90624023121292,45.43270381662149,,,,7.483621382,1.04,7.5,59.0,5.12708998,52.65630722,47.02923203,37.0,,,,,,,,,,,,,2.0,类型2-低缓冲低承载型,0.010459400744954,0.426543609671848,0.2953727691421992,0.3609581894070236,0.22167788416051654,0.38283340473000693,0.25390898827441466,0.10704920113260896,低压低响应型,0.09813242784380305,0.08305142083897159,0.11580013504388927,0.34628670120898103,0.41973945683373814,0.2010605391073796,0.43784499889600353,,,,,,,0.07150739351136615,,,component__ext_he_pct / component__doctors_10k / component__beds_10k,高收缩压 / 高血糖 / 膳食风险
SAU,2023,33702731.0,33834.676035013035,2624.3056353650036,12951.518348726737,13417.973552376512,100.391496567483,7.786626061149179,38.428690982718095,39.81271889324492,78.7321,77.0972,81.1556,0.9,33264.292,15.474,29.2468,2.387,2.2803,2.81950386919403,33702731.0,84.2962388315415,67001.52774626345,,8144.129034166364,14780.702425245305,18540.56097708563,15938.52253066989,22055.607876018996,15358.25748855712,24.164596733025476,43.85609707784602,55.01204331804931,47.29148664738739,65.44160434956738,45.569771448364584,,,,24.071459213,34.06,65.57,83.0,5.68722248,1825.2545166,77.76662445,0.0,,,,,,,,,,,,,3.0,类型3-相对稳健型,-0.7570574649834626,0.21481001727115717,0.31019717904432925,0.2625035981577432,0.747057921534936,0.6434666042687426,0.7263396580816973,-0.4638360599239541,相对均衡型,0.42920203735144313,0.7897496617050067,0.7329507089804186,0.9129965457685665,0.5043055862221241,0.8442333186036235,0.8843011702362552,,,,,,,0.8787243434120503,,,component__beds_10k / component__che_pct_gdp / component__nurses_10k,高收缩压 / 高血糖 / 膳食风险
SDN,2023,50042791.0,106213.29488495288,6563.759350669581,23060.07432313393,13543.077485856304,212.24494629996332,13.116293515023136,46.08071185145115,27.062993920255774,66.331,63.2722,69.6255,0.511,50042.791,28.3521,18.2764,0.023,4.3227,3.21166042888835,50042791.0,34.7960076976764,76027.66787950101,,13935.11679218438,38356.96014415363,23169.477661572208,21089.01280079274,70357.98520721907,34745.74416526674,27.846402076543615,76.64832312041435,46.299331429320574,42.141959669661,140.5956458488078,69.43206697897153,,,,,,,48.0,2.85165739,21.0830822,20.74396706,16.31030655,,,,,,,,,,,,,2.0,类型2-低缓冲低承载型,0.1456726145973715,0.30548359240069084,0.4472510074841681,0.37636729994242946,0.14022823006128585,0.3247755497613137,0.17713769400129142,0.19922960594113803,低压低响应型,,,,0.24568221070811744,0.07264296754250386,0.05987627043747238,0.11989401633914772,,,,,,,0.20304568527918782,,,component__che_pc_usd / component__che_pct_gdp / component__govt_he_pct,高收缩压 / 高血糖 / 膳食风险
SEN,2023,18077573.0,19890.014153768163,2974.9865115510343,8370.203429664007,4907.175745228681,110.02590974888147,16.45678051777766,46.30158832529127,27.145102637553624,68.6829,66.7904,70.7541,0.53,18077.573,93.8948,19.1293,2.329,3.8185,3.5903878360666,18077573.0,54.6992276190794,270806.4755929253,,3279.364426415255,14974.13814840818,3440.315698390363,6568.8542921077205,12366.433120600785,5824.057002774759,18.140512702757473,82.83267974306163,19.0308494308963,36.33703646008079,68.40759608936877,32.21702936989804,,,,,1.09,4.24,48.0,4.32314825,73.22670746,27.57372856,16.79883003,,,,,,,,,,,,,2.0,类型2-低缓冲低承载型,-0.2026476817300376,0.2515112262521589,0.2416882556131261,0.24659974093264247,0.19013607957058645,0.4486354344319356,0.24183595054285628,0.004763790389786193,低压低响应型,,0.08558863328822733,0.05081026333558406,0.24568221070811744,0.2837270920733054,0.27883340698188247,0.18745860013247959,,,,,,,0.19885235047450894,,,component__nurses_10k / component__doctors_10k / component__govt_he_pct,高收缩压 / 高血糖 / 膳食风险
SGP,2023,5917648.0,7533.07828574598,725.1462335058098,7672.4334302642,1266.2444398862697,127.2985193736765,12.253960247480244,129.65342700789571,21.397765461654185,83.7362,81.2402,86.2361,0.946,5789.09,8475.9729,35.1016,0.807,0.9429,13.0953667239036,5917648.0,100.0,90082.17558998954,,2042.6877311797855,2304.552119372456,1514.146092337868,2445.376655658831,3653.751263613306,3176.026986268761,34.518574460322505,38.943717493376695,25.586957729453797,41.3234557996493,61.74330179174743,53.670427613618806,,,,28.118399224,26.7,70.9,88.0,4.49163246,3921.60253906,58.46056747,0.0,,,,,,,,,,,,,3.0,类型3-相对稳健型,-0.6255997288462385,0.3020293609671848,0.2654360967184802,0.2837327288428325,0.7014767054832918,0.866980799799667,0.7345775243465669,-0.45084479550373435,相对均衡型,0.5079796264855687,0.6439445196211097,0.7677245104659014,0.9872625215889465,0.3141973945683374,0.9202386212991605,0.5917421064252595,,,,,,,0.8787243434120503,,,component__che_pct_gdp / component__beds_10k / component__govt_he_pct,高收缩压 / 高血糖 / 膳食风险
SLB,2023,800005.0,2837.924818421207,364.5056314568465,827.1510294434114,797.6116234230268,354.73838518774346,45.56291916386104,103.39323247272348,99.70082979769212,70.5277,69.2167,71.9821,0.584,800.006,27.7818,20.2509,2.383,3.5573,3.62653756755422,800005.0,30.0088821088389,5334.817331968495,,1510.6798222739733,1671.206176408837,902.1314166436064,868.1872753992966,1568.4381033034604,1531.36956147256,188.83379757301185,208.89946642943943,112.76572229468646,108.52273115784234,196.05353757832268,191.41999880907744,,,,,2.38,20.01,47.0,5.36366177,111.35532379,62.90795135,33.86875916,,,,,,,,,,,,,1.0,类型1-高负担转型承压型,0.8657399383203037,0.7929620034542315,0.8974884858952216,0.8452252446747266,0.32026883687652863,0.21651331717173355,0.2995177329355696,0.545707511739157,高压低响应型,,0.1513870094722598,0.3055367994598244,0.23585924006908462,0.46191212188121,0.3468846663720725,0.6542283064694193,,,,,,,0.08607371441182962,,,component__ext_he_pct / component__doctors_10k / component__uhc_index,高收缩压 / 吸烟 / 高血糖
SLE,2023,8460512.0,9886.594519766562,1335.07596911435,4493.429600319639,2917.89423743958,116.855747261709,15.780084811821672,53.11061080369177,34.48838837932716,61.7858,60.0646,63.5022,0.467,8460.512,117.933,19.2703,2.184,3.7914,3.20667945391485,8460512.0,44.809324991151,4541.882411824281,,2620.0366681228215,9152.847201257233,1801.430454523183,2369.111517441067,6275.020278137653,3764.914276391247,30.96782639304597,108.18313597637156,21.292215583680782,28.00198755632126,74.16832785223463,44.49983968335778,,,,,,,48.0,4.71883011,35.76205063,16.71863747,28.50403595,,,,,,,,,,,,,2.0,类型2-低缓冲低承载型,0.1191777156017674,0.3176273747841105,0.3213154864709269,0.3194714306275187,0.18621738664237059,0.19240335543716702,0.1874545804013299,0.1320168502261888,低压低响应型,,,,0.24568221070811744,0.35062927798631044,0.13897481219619973,0.08633252373592404,,,,,,,0.10946810858530126,,,component__govt_he_pct / component__ext_he_pct / component__che_pc_usd,高收缩压 / 高血糖 / 膳食风险
SLV,2023,6309624.0,11205.724010042715,1835.1173068991511,7793.054768926712,7804.078971553784,177.59733400980338,29.084416233029913,123.51060489383698,123.68532533085624,72.0993,67.5237,76.264,0.678,6309.624,304.5185,26.9557,0.455,1.7751,8.00031824400313,6309624.0,74.6080675149903,6251.226148278239,39.8,1619.1536044386849,4921.078666141269,5063.840391027299,6888.090812291355,7893.862808143216,5520.7645607144705,25.661649639323752,77.99321585789058,80.25581858803788,109.1680076703676,125.1082918434318,87.4975206242792,,,,12.0736196,16.16,,79.0,9.28738594,500.69497681,60.54508972,0.88708884,,,,,,,,,,,,,1.0,类型1-高负担转型承压型,0.17668604458087,0.6573834196891191,0.5893062751871042,0.6233448474381116,0.5849208631756956,0.4534130073718298,0.5586192920149224,0.06472555542318914,相对均衡型,0.19762308998302208,0.4321718538565629,,0.7958765112262521,0.8648708324133363,0.6504639858594786,0.6177964230514462,,,,,,,0.5356433458397705,,,component__beds_10k / component__doctors_10k / component__ext_he_pct,高收缩压 / 吸烟 / 高血糖
SMR,2023,33860.0,81.99386653622544,14.267537577256686,87.2094842194335,13.710639593264988,242.1555420443752,42.136850493965404,257.5590201400871,40.49214292163316,85.7062,84.206,87.0998,0.915,33.733,552.9918,47.3927,-0.744,1.1494,21.6823538130883,33860.0,97.1317310361655,51157.84184369801,,25.18063441174895,18.634674364122684,21.51533273779814,24.872059786305744,46.106078575853736,26.102405083882697,74.3669061185734,55.03447833468011,63.54203407500927,73.4555811763312,136.1668002830884,77.08920580000797,,,,,46.29,94.36,74.0,6.60829115,3923.5234375,86.90821075,0.0,,,,,,,,,,,,,1.0,类型1-高负担转型承压型,-0.1058373491876002,0.7219883419689119,0.5631836499712147,0.6425859959700633,0.8359287174514926,0.8767769254235729,0.8440983590459087,-0.2015123630758454,相对均衡型,,0.95297699594046,0.8639432815665091,0.6493955094991365,0.6080812541399867,0.9204595669465312,0.9779200706557739,,,,,,,0.8787243434120503,,,component__che_pct_gdp / component__uhc_index / component__nurses_10k,高收缩压 / 吸烟 / 高血糖
SOM,2023,18358615.0,10822.248137410686,2235.0466344987713,7715.050484271253,5349.926787114391,58.94915350319556,12.17437499778045,42.02414225839614,29.141233078390663,58.8158,56.3498,61.3878,0.404,18358.615,29.2642,15.4468,3.565,6.1319,2.56456709833503,18358615.0,54.0714435506882,4541360.332954674,,3517.8708708129643,16987.829833910477,2047.0323637311,3760.0238811120303,6976.950393049206,5135.834233438384,19.161962222166345,92.53328660092538,11.150254873426457,20.480977901176264,38.00368597004297,27.97506366051243,,,,,,,30.0,3.74413586,22.37065506,14.16550159,54.40633774,,,,,,,,,,,,,2.0,类型2-低缓冲低承载型,-0.2172472564482744,0.15581822107081172,0.16123344847438112,0.1585258347725964,0.08239130680971578,0.3839955486157582,0.14271215517092428,0.015813679601672126,低压低响应型,,,,0.07674870466321243,0.18767939942592185,0.06738842244807777,0.0571870170015456,,,,,,,0.02295299050982123,,,component__ext_he_pct / component__govt_he_pct / component__che_pc_usd,高收缩压 / 高血糖 / 膳食风险
SRB,2023,6623183.0,60989.715987030904,3670.937144620756,27653.68262609987,6480.338621793729,920.8520433004932,55.42557324206135,417.52859049946034,97.8432669276046,76.7693,73.5002,80.0421,0.833,6773.201,88.2663,43.8716,-0.439,1.5,22.3383596618497,6623183.0,62.1434649229738,352041.3277516179,,18593.122978822743,14085.199786122796,13290.204498649544,13776.16965070193,38659.172697655915,22476.444510607624,280.7279064888097,212.6651156418718,200.66189472115664,207.99923013907255,583.6947687789378,339.3601612790651,,,,,32.15,70.15,73.0,8.03133774,983.69372559,65.54528046,0.00018283,,,,,,,,,,,,,1.0,类型1-高负担转型承压型,0.8195027901204633,0.95331390328152,0.9890616004605643,0.9711877518710421,0.7289978838120591,0.7952231232887037,0.742242931707388,0.22894482016365414,高压高响应型,,0.7483085250338295,0.7638419986495611,0.625107944732297,0.7553543828659748,0.7631462660185594,0.6906601898873923,,,,,,,0.7565658794967999,,,component__uhc_index / component__govt_he_pct / component__doctors_10k,高收缩压 / 吸烟 / 高血糖
SSD,2023,11483374.0,12674.530846113112,1236.8504135006597,8806.836257400624,3992.0572959531346,110.37288209992214,10.770792743497337,76.6920615613549,34.76380109150094,57.6174,54.6357,60.6272,0.388,11483.374,20.355,17.9697,5.862,3.8638,2.91238881534295,11483374.0,21.0737755279692,,,2169.2772128398187,10378.175231602074,1835.7875861658624,2146.185880613287,7325.899066084734,5127.394777597553,18.890590978224857,90.37566164440932,15.98648259793561,18.68950606862832,63.79570208272181,44.650594656218225,,,,,,,41.0,11.61002254,72.75582886,4.31647301,62.29821396,,,,,,,,,,,,,2.0,类型2-低缓冲低承载型,0.111529703824641,0.30640112262521585,0.21927173287276913,0.2628364277489925,0.2862096116227564,0.08266347251487671,0.24550038380118044,0.017336043947812074,低压低响应型,,,,0.17076856649395508,0.9666593066902186,0.27728678745028723,0.003311989401633915,,,,,,,0.013021408077687044,,,component__govt_he_pct / component__ext_he_pct / component__uhc_index,高收缩压 / 高血糖 / 膳食风险
STP,2023,230871.0,247.67740074542533,104.4724290598511,151.3374731572211,61.97680065049669,107.27956336890529,45.2514300452855,65.55066385870079,26.844775069409625,69.7182,66.2389,73.7281,0.637,230.871,240.4911,19.0523,2.004,3.6444,3.86730280697271,230871.0,68.6043921103568,14630.111046667758,,39.730750652838914,134.29647247311794,60.41281982761668,50.323679241204786,151.15688894272296,93.5204608972171,17.209069416617467,58.1694853286545,26.16734879115033,21.797315055249378,65.47244519351628,40.507669173355296,,,,,,,60.0,5.77292156,171.05166626,36.96479034,43.9212265,,,,,,,,,,,,,2.0,类型2-低缓冲低承载型,-0.1346569091861115,0.42702936096718486,0.20282815198618306,0.31492875647668395,0.3234556409679974,0.41931377442248574,0.34262726765889506,-0.027698511182211116,低压低响应型,,,,0.3542746113989637,0.51269595937293,0.41184268669907204,0.29233826451755357,,,,,,,0.04612668285146767,,,component__ext_he_pct / component__govt_he_pct / component__uhc_index,高收缩压 / 高血糖 / 膳食风险
SUR,2023,628886.0,1358.4447711818557,154.59400495730293,715.1121227421045,522.9896041662021,216.00811135593028,24.58219851567739,113.7109305569061,83.1612731347497,73.631,70.4581,76.8353,0.722,628.886,4.0313,28.0996,0.909,2.2493,7.62149260756322,628886.0,65.7562408447266,40067.178640506456,,404.12775845837007,314.3269480930857,406.1772312782918,599.7074735872463,789.2789928475114,569.8067290882811,64.26089282610363,49.98154643179936,64.58678222734991,95.3602836741868,125.50430329940744,90.60572648910632,,,,,13.55,17.27,74.0,5.40666008,297.04589844,62.00385666,5.16391993,,,,,,,,,,,,,1.0,类型1-高负担转型承压型,0.1404297644734121,0.6387089810017271,0.5776482440990213,0.6081786125503742,0.47105701044717485,0.5785658298099269,0.4925587743197253,0.11561983823064892,相对均衡型,,0.3871786197564276,0.2663740715732613,0.6493955094991365,0.46831530139103555,0.5273972602739726,0.6416427467432104,,,,,,,0.3570955638931803,,,component__nurses_10k / component__ext_he_pct / component__doctors_10k,高收缩压 / 吸烟 / 高血糖
SVK,2023,5426740.0,23505.957354249593,1145.1419194783605,14806.23933007869,1634.758229994177,433.15060891528975,21.101838663329374,272.83856108969087,30.124130324912876,78.3414,75.022,81.5811,0.88,5518.054,112.5376,41.3021,0.055,1.56,18.0508365765507,5426740.0,53.190805019646,24155.307975901516,23.8,7201.33587048418,3543.4343933697587,5334.798261073162,6050.812983645571,15051.70743798063,11445.05849367656,132.70095619993182,65.29582020457511,98.30576480673778,111.49996100136676,277.3618680456523,210.90117628035543,,,,55.668145508,37.61,59.72,78.0,7.35262203,1813.46618652,78.94538116,0.0,,,,,,,,,,,,,1.0,类型1-高负担转型承压型,0.146884126273828,0.6456174438687392,0.7974597006332758,0.7215385722510075,0.8026573333465794,0.7283781911530338,0.7878015049078704,-0.0662629326568629,高压高响应型,0.8105263157894737,0.8660351826792964,0.6701553004726536,0.7638169257340242,0.6904393905939501,0.8435704816615113,0.8979907264296755,,,,,,,0.8787243434120503,,,component__nurses_10k / component__che_pct_gdp / component__uhc_index,高收缩压 / 吸烟 / 高血糖
SVN,2023,2120461.0,6974.154939516793,672.5260925922731,6459.453904296869,910.520445168633,328.89805280629037,31.7160321549075,304.6249803366753,42.939740234252504,81.6034,78.896,84.3365,0.931,2118.396,105.194,43.8938,0.078,1.5761,21.3323429613727,2120461.0,55.5378927789875,30812.75185186413,24.7,2076.651919591021,1159.0342822137177,1992.9012876589604,2076.3825953756605,4045.773364504814,2706.779440918136,97.93398320417216,54.65954253408658,93.98434055891433,97.92128199366368,190.79687692934763,127.65051754869042,,,,,35.07,106.82,84.0,9.30008888,3037.7644043,73.1528244,0.04905957,4034.2681668528,,,,,,12.91975498,,,,,,1.0,类型1-高负担转型承压型,0.0307406581145387,0.7505397236614854,0.7144142199194013,0.7324769717904434,0.8558423709484111,0.7800627422339884,0.8406864452055266,-0.10820947341508325,高压高响应型,,0.8135994587280109,0.9078325455773126,0.935880829015544,0.8653124310002208,0.8963764913831197,0.823139765952749,0.9222298692360633,,,,,,0.7031560361951004,,0.8350539114475797,component__ext_he_pct / component__doctors_10k / component__govt_he_pct,高收缩压 / 吸烟 / 高血糖
SWE,2023,10536632.0,30242.095751492572,4744.753724841709,27523.386684203844,5093.439166689889,287.0186199109219,45.03102817714151,261.2161712035102,48.34029665921605,83.2624,81.4443,85.101,0.959,10551.494,25.9034,39.913,0.561,1.4301,20.5364235623884,10536632.0,88.631216160938,189672.60030084456,29.3,8694.438590592965,1036.5622584638063,7021.159197018198,8930.732364351557,16292.073354850396,10827.927012752323,82.51629733858945,9.837700115784688,66.63570671366521,84.75889035843291,154.6231599893628,102.76459320921832,,,,,,,85.0,11.152915,6206.23046875,86.0816803,0.0,6905.855058646535,,,,,,12.67632294,,,,,,1.0,类型1-高负担转型承压型,-0.2897724547026138,0.7840565630397236,0.5792674150834772,0.6816619890616005,0.9374602425492938,0.9058701710075823,0.9311422282409516,-0.24948023917935114,高压高响应型,,,,0.9547711571675302,0.9545153455508942,0.9745912505523641,0.9732832854934864,0.9841706813489333,,,,,,0.8787243434120503,,0.8421656343197981,component__wdi_out_of_pocket_pct / component__ext_he_pct / component__che_pct_gdp,高收缩压 / 吸烟 / 高血糖
SWZ,2023,1230506.0,1380.8275468536922,351.8685822563644,962.8458006638222,630.7083569230002,112.21623842985667,28.59543815766558,78.2479565856503,51.256016380497144,64.1227,61.1874,66.9532,0.695,1230.506,70.8694,21.9955,0.943,2.7525,4.14687128709653,1230506.0,25.8081878500755,22191.87657432977,,305.22312729877945,754.5976704429283,739.9389198798625,661.8345331150216,941.6413471409554,552.7632517255925,24.804684194858005,61.324176431722265,60.13289816383362,53.78555920206985,76.52472618101459,44.92162181456998,,,,,5.57,42.6,72.0,7.49763966,296.04562378,42.73051453,28.43986511,,,,,,,,,,,,,2.0,类型2-低缓冲低承载型,0.0158584366644854,0.49697754749568224,0.37751871042026486,0.43724812895797355,0.4376699572696546,0.33964701767768,0.4180653693512597,0.01918275960671384,低压低响应型,,0.23020974289580515,0.5182309250506415,0.6028713298791019,0.7034665489070435,0.5262925320371189,0.37248840803709427,,,,,,,0.11013021408077688,,,component__ext_he_pct / component__doctors_10k / component__govt_he_pct,高收缩压 / 高血糖 / 膳食风险
SYC,2023,119773.0,223.6087890971196,41.85908005973206,180.85231770347497,74.55193687158558,186.6938200572079,34.94867796559497,150.99589866119658,62.2443596399736,72.862,69.9369,76.5146,0.848,127.951,279.9792,33.6533,1.964,2.1334,8.33095611193391,119773.0,45.0971081321658,81339.18830582673,,102.96722207980211,21.87383864604526,72.25547351377394,86.69392895873236,172.7402441964747,116.32153071407184,85.96864241507026,18.262745899364013,60.32701319477172,72.38186315674848,144.2230253867522,97.11832442543133,,,,26.336149295,,73.2,80.0,4.48238087,766.28778076,70.26874542,0.0,,,,,,,,,,,,,1.0,类型1-高负担转型承压型,-0.0167855651676098,0.665587219343696,0.5531447898675877,0.6093660046056419,0.6806240780919776,0.6227852656201543,0.6690563155976129,-0.059690310991970974,相对均衡型,0.4784380305602716,,0.7781904118838623,0.8287996545768567,0.3124310002207993,0.7262483429076447,0.7615367630823582,,,,,,,0.8787243434120503,,,component__che_pct_gdp / component__beds_10k / component__che_pc_usd,高收缩压 / 吸烟 / 高血糖
SYR,2023,23594623.0,47695.386834133176,4158.135324343361,9412.440677674764,8469.82295974992,202.14515330095836,17.62323273545571,39.892312234337304,35.89725913293855,72.1201,69.8293,74.4118,0.564,23594.623,128.4341,22.2487,4.917,2.7122,4.68683691195235,23594623.0,72.1673803143204,,,13669.8329775108,14469.602534293384,16293.387873960157,14009.32926647882,31250.301046037905,18752.99031631573,57.936221220872234,61.32584756405467,69.0555126647294,59.37509264919732,132.44670637898264,79.47993200109927,,,,,,,70.0,2.70998812,33.34017944,14.93860626,11.78806877,,,,,,,,,,,,,2.0,类型2-低缓冲低承载型,0.0950474250783802,0.3662564766839378,0.5457685664939551,0.45601252158894645,0.21025370416158312,0.45601052621742966,0.2594050685727525,0.19660745301619398,低压低响应型,,,,0.5454447322970639,0.0633693972179289,0.12505523641184269,0.06778538308677412,,,,,,,0.24961377179430588,,,component__che_pct_gdp / component__govt_he_pct / component__che_pc_usd,高收缩压 / 高血糖 / 膳食风险
TCD,2023,19319064.0,21238.577985851098,2676.3148088788503,8094.68004208724,4416.899437983599,109.9358539619264,13.853232272944746,41.899959760406816,22.8629059771405,55.0692,53.1954,57.0137,0.416,19319.064,15.3423,15.4007,5.71,6.1203,2.07477443006556,19319064.0,26.3305395171046,152338.63454125263,,4198.001922370865,23888.683346464863,3966.1427676850553,5055.524046708231,12081.375021648184,8025.766632460001,21.729841168137675,123.65341999211176,20.529683879535032,26.168576524764507,62.53602670216416,41.54324781190228,,,,,0.85,1.66,26.0,4.99707747,47.43893051,25.24867439,22.35182571,,,,,,,,,,,,,2.0,类型2-低缓冲低承载型,-0.0313397666145526,0.18048359240069084,0.2852979274611399,0.23289075993091538,0.1453141312349525,0.24911405964205516,0.16607411691637303,0.06681664301454235,低压低响应型,,0.06309201623815967,0.004557731262660365,0.0508419689119171,0.4000883197173769,0.1818382677861246,0.1664826672554648,,,,,,,0.15029794747296402,,,component__nurses_10k / component__uhc_index / component__doctors_10k,高收缩压 / 高血糖 / 膳食风险
TGO,2023,9304337.0,10865.065639758051,1244.356370238576,4567.066950221847,2542.19808062609,116.77420583280733,13.373939166633535,49.08535611104635,27.322721442979653,62.7387,62.5356,62.9226,0.571,9304.338,171.0671,18.8184,2.323,4.1924,3.16375561398111,9304337.0,43.2496853032436,169141.53388518983,,1723.2691593324553,7920.395138569346,2414.029456384891,2229.633403538808,6886.199076280321,4452.720076219253,18.52113868330925,85.12584119179418,25.945206588979865,23.963377546823683,74.01063693501558,47.85639295115013,,,,,,,42.0,6.10829544,59.60503769,11.14169788,19.96798706,,,,,,,,,,,,,2.0,类型2-低缓冲低承载型,-0.1593901712277941,0.24233592400690845,0.27209268854346574,0.2572143062751871,0.23486917188172302,0.39869645798307024,0.2676346291019925,-0.010420322826805384,低压低响应型,,,,0.18199481865284975,0.5555310223007286,0.23199292973928415,0.03576948553764628,,,,,,,0.1690576031781064,,,component__govt_he_pct / component__ext_he_pct / component__uhc_index,高收缩压 / 高血糖 / 膳食风险
THA,2023,71702435.0,118952.0087987845,26096.391851325672,139568.56022727425,57047.06915800323,165.89674925096267,36.39540533222571,194.64967992687312,79.5608533489877,76.4115,72.1611,80.8611,0.798,71702.435,140.3481,39.6581,-0.037,1.2125,14.7182560815403,71702435.0,60.9341926574707,65824.55644822952,33.5,71047.34758942411,54745.77860159193,30677.130911241868,56014.7739287421,68012.13378477862,60411.65661154698,99.08638052448862,76.35135208670658,42.783945777074194,78.12115994211646,94.85331116687826,84.25328458028933,,,,23.8986295,5.91,35.72,82.0,4.53787661,326.50482178,77.88262939,0.09733295,,,,,,,,,,,,,1.0,类型1-高负担转型承压型,0.1838915157857344,0.6954339378238342,0.5614565342544617,0.6284452360391479,0.5545498320278732,0.6634641394595141,0.5763326935142015,0.05211254252494646,相对均衡型,0.4258064516129032,0.2395128552097429,0.450371370695476,0.8865500863557858,0.32236696842570106,0.550596553247901,0.8858467652903511,,,,,,,0.6753476053851247,,,component__doctors_10k / component__che_pct_gdp / component__beds_10k,高收缩压 / 吸烟 / 高血糖
TJK,2023,10389799.0,22984.5126903485,1846.3788178413988,5597.971857537665,2616.403541783213,221.22191863719885,17.77107351009773,53.87950101380849,25.182426934180462,71.7901,69.574,73.9758,0.691,10389.798,72.6052,21.925,1.962,3.0723,3.65005635094848,10389799.0,26.1890127571429,3676.998388106392,38.0,3907.511467297377,9271.079744792063,5753.854158418068,5264.693590436046,16181.319394342849,9641.633055052916,37.609115126263525,89.23252263871575,55.37984092298675,50.67175592555781,155.7423718624667,92.79903350442984,,,,40.424231131,18.7,64.53,72.0,7.43789911,85.14702606,25.61055756,11.90781498,,,,,,,,,,,,,2.0,类型2-低缓冲低承载型,0.0397827704577358,0.36652633851468047,0.5581102475532528,0.46231829303396665,0.48665470455734994,0.2625012074227442,0.4418240051304288,0.020494287903537856,低压低响应型,0.6753820033955857,0.47445872801082545,0.7211343686698177,0.6028713298791019,0.6957385736365643,0.30600972160848433,0.17001545595054096,,,,,,,0.24762745530787905,,,component__govt_he_pct / component__ext_he_pct / component__che_pc_usd,高收缩压 / 高血糖 / 膳食风险
TKM,2023,7364438.0,18792.384869567388,521.046745206789,3919.735312136695,1582.1708407150104,255.177446935766,7.075173220370502,53.22517905828924,21.483931845376528,70.0727,66.8708,72.8386,0.764,7364.438,15.6714,26.2318,1.8,2.6901,4.27238303859711,7364438.0,47.0678875054171,13035.58013231074,,3914.318603075344,5287.699353493123,3480.4616839198834,3192.639989860721,11810.763586433606,7468.665734436279,53.15162681898258,71.80044632724348,47.26038407709975,43.352119874737504,160.37562657780006,101.41528429509869,,,,,19.34,34.88,81.0,5.49789095,581.38220215,17.13752747,0.30963677,,,,,,,,,,,,,3.0,类型3-相对稳健型,-0.172812345905939,0.2857836787564767,0.5340745538284398,0.40992911629245826,0.5222251220791755,0.4185229195728403,0.5014846815779085,-0.09155556528545022,相对均衡型,,0.49069688768606223,0.43990546927751517,0.8583765112262521,0.4793552660631486,0.6820592134334954,0.09096930889821153,,,,,,,0.6142131979695431,,,component__govt_he_pct / component__nurses_10k / component__che_pct_gdp,高收缩压 / 高血糖 / 膳食风险
TLS,2023,1384286.0,2648.6180824280254,523.1215744664007,855.7370628216738,533.6717895555742,191.33460010633823,37.789992419658994,61.817938115510366,38.55213370326465,67.6894,66.0674,69.4362,0.634,1384.286,93.0925,20.9693,1.075,2.7074,5.33415782576722,1384286.0,28.595471832952,2097.4461320593114,,1116.5285823548938,1720.2509611761884,191.95471217461133,389.56367253047006,1610.8918132160445,1262.9999283104364,80.65736288273477,124.2699096267815,13.86669461185126,28.14184876033349,116.3698696090291,91.2383660826185,,,,3.82866922,7.68,15.17,48.0,9.59779453,144.21452332,77.70168304,15.30498505,,,,,,,,,,,,,2.0,类型2-低缓冲低承载型,0.2068112822483723,0.5347042314335061,0.4797423719055844,0.5072233016695452,0.39401110833834396,0.24853132623819113,0.3649151519183134,0.1423081497512318,相对均衡型,0.021392190152801357,0.2855209742895805,0.23700202565833897,0.24568221070811744,0.8814307794215058,0.38400353513035795,0.8829763744756017,,,,,,,0.21408077687044802,,,component__beds_10k / component__ext_he_pct / component__nurses_10k,高收缩压 / 高血糖 / 膳食风险
TON,2023,104597.0,278.3123137418051,39.92767912845738,135.0240200840402,114.72275186597702,266.0805890625975,38.17287219371242,129.08976364909145,109.68072876466536,72.8947,69.3699,76.4051,0.769,104.598,160.9192,20.695,-0.418,3.1295,6.60245225746313,104597.0,21.147944541337,6914.576161932841,,116.10124632966506,90.05501391505675,137.15315462807123,141.5948366438524,180.9675033706392,138.553089746488,110.99863889945702,86.09712889954469,131.12532350647842,135.37179521769497,173.01404760235877,132.46373198704362,,,,,,,71.0,7.36037779,357.54415894,46.25782394,44.2378273,,,,,,,,,,,,,1.0,类型1-高负担转型承压型,0.6390488146421532,0.7601468048359241,0.7982153137593553,0.7791810592976397,0.4616795999845458,0.3618046896659076,0.44170461792081817,0.33747644137682153,高压低响应型,,,,0.5765328151986183,0.6913225877677192,0.5691559876270438,0.42636343563700596,,,,,,,0.04502317369234165,,,component__ext_he_pct / component__govt_he_pct / component__che_pc_usd,高收缩压 / 吸烟 / 高血糖
TTO,2023,1367510.0,4511.466544974395,342.5483736833643,2605.02111677839,3080.09162466164,329.90373342603675,25.04905804589102,190.49375264373865,225.2335723074522,73.4896,70.3778,76.683,0.807,1502.932,292.9693,36.7177,0.376,1.5315,11.8539588437937,1367510.0,53.9536842104572,47735.742665669575,,1284.6408791054248,878.2093000482555,2352.3613479585592,3152.070472674548,2994.9506645310503,2150.02543285178,93.94014516204084,64.21958889136134,172.0178534678766,230.49706932121504,219.00758784440703,157.22191668446882,,,,23.66041844,,41.08,75.0,7.52568626,1276.33862305,48.38174057,0.07480285,,,,,,,,,,,,,1.0,类型1-高负担转型承压型,0.4815780107647155,0.761064335060449,0.7962003454231433,0.7786323402417962,0.6077213020581211,0.6276897337741334,0.6117149884013237,0.16691735184047252,高压高响应型,0.4237691001697793,,0.5010128291694801,0.677461139896373,0.707220136895562,0.8013698630136986,0.4559505409582689,,,,,,,0.6872655043036857,,,component__beds_10k / component__govt_he_pct / component__nurses_10k,高收缩压 / 吸烟 / 高血糖
TUN,2023,12200431.0,20086.15772796234,3694.6415970800135,17739.956273763768,9440.227273944629,164.63482091708352,30.28287768751787,145.40434082831803,77.37617854602537,76.5077,73.9177,79.1491,0.746,12200.431,78.4947,32.127,0.653,1.8323,9.16627453571107,12200431.0,70.0266686486584,7809.2550186673325,,12337.458280048237,6720.603369029461,10169.92839654616,12032.968558591256,11725.369672201648,6114.10280562626,101.1231347486678,55.08496682641343,83.35712399460445,98.62740552847072,96.10619225010696,50.113826352743274,,,,18.20754901,12.38,19.16,76.0,7.98537874,317.70983887,54.08564377,3.13808918,,,,,,,,,,,,,1.0,类型1-高负担转型承压型,0.1801885759549742,0.6439982728842832,0.5654504893494531,0.6047243811168681,0.49107624998440136,0.5317741554553754,0.4992158310785962,0.10550855003827192,相对均衡型,0.3242784380305603,0.36671177266576455,0.2949020931802836,0.7062823834196891,0.7511591962905718,0.5446310207688908,0.5314638993155222,,,,,,,0.4091811962039285,,,component__nurses_10k / component__beds_10k / component__doctors_10k,高收缩压 / 吸烟 / 高血糖
TUR,2023,85325965.0,193204.14821365385,41749.47548045185,124501.54420035004,52960.35015072308,226.430662944924,48.929391516933734,145.9128463420836,62.06826978250183,77.1557,74.5293,79.855,0.853,87270.502,113.3966,32.5197,0.232,1.625,10.0010276668343,85325965.0,89.0218446796121,64370.32853610158,,91123.34816694108,73473.69012561944,79757.58482241581,77352.49110995808,120661.29738526892,49803.7798104968,106.7943950788498,86.10941596220968,93.47399097380944,90.6552783902978,141.41216848267572,58.36884447834467,,,,30.548007727,23.4,35.3,77.0,4.27524424,547.8145752,75.92346191,0.0,,,,,,,,,,,,,1.0,类型1-高负担转型承压型,0.0918070156701885,0.7362370466321244,0.6608016695451928,0.6985193580886586,0.623056381670146,0.7718088581334349,0.6528068769628038,0.0457124811258548,高压高响应型,0.5487266553480475,0.5700270635994588,0.4461512491559757,0.7342400690846287,0.27467432104217265,0.6694653115333628,0.8624420401854714,,,,,,,0.8787243434120503,,,component__che_pct_gdp / component__nurses_10k / component__beds_10k,高收缩压 / 吸烟 / 高血糖
TUV,2023,9816.0,51.351282335138386,5.324657264024558,15.51300604191072,16.827385050208612,523.1385730963568,54.24467465387692,158.03795886217114,171.42812805835993,67.1049,63.765,70.6983,0.689,9.816,327.1833,24.2864,-1.803,3.2078,6.27578829402476,9816.0,64.0117206689787,5644.251167254553,,20.628604738756103,4.661343108305323,22.485350627569773,18.03632381140323,34.888401057994,24.997753053428102,210.1528600117777,47.48719547988309,229.0683641765462,183.74413010801985,355.4238086592706,254.66333591511923,,,,,,,65.0,27.08968544,1723.56542969,72.80529022,27.13326263,,,,,,,,,,,,,1.0,类型1-高负担转型承压型,0.5524226641481038,0.8738665803108809,0.8403857225100749,0.857126151410478,0.6378039852091824,0.427956715312819,0.5958345312299097,0.2612916201805683,高压高响应型,,,,0.41461571675302245,1.0,0.8376049491825011,0.8187237800839038,,,,,,,0.11807548002648421,,,component__ext_he_pct / component__uhc_index / component__govt_he_pct,高收缩压 / 吸烟 / 高血糖
TZA,2023,66617606.0,60167.48362464587,7550.933444892577,34011.49949870514,16303.767768952444,90.3176911290476,11.334741516968618,51.05482100138083,24.47366206607971,66.9953,64.1978,69.7752,0.555,66617.606,75.2059,17.2399,2.884,4.6063,3.04319999848689,66617606.0,35.4748019434954,728786.6081977189,,13499.332613585084,45860.702459208806,11137.241822402952,11398.806144571834,39291.06521255898,22029.49465618564,20.263911335368437,68.8417149952954,16.718165798997568,17.110801226588407,58.980001791957186,33.06857748113261,,,,,,,49.0,3.05201221,36.25619888,31.67225456,39.36234665,,,,,,,,,,,,,2.0,类型2-低缓冲低承载型,-0.2468986894199749,0.17298143350604492,0.16684657455382843,0.16991400402993667,0.15556026245225202,0.3837983134893357,0.20120787265966877,-0.0312938686297321,低压低响应型,,,,0.25377806563039723,0.09295650253919187,0.14118426866990721,0.2287480680061824,,,,,,,0.06113440741558155,,,component__ext_he_pct / component__che_pct_gdp / component__che_pc_usd,高收缩压 / 高血糖 / 膳食风险
UGA,2023,48656601.0,29795.286734782643,4658.084709687892,34690.28306605032,13495.6021705477,61.235857257646586,9.573386989543089,71.29614965511117,27.736426082347386,68.2523,65.2681,71.1158,0.582,48656.601,243.518,16.514,2.777,4.2829,2.15058279399148,48656601.0,30.6059359395495,961777.3869408626,,5214.976654994545,27135.753398710636,6264.419878505866,7698.941298384969,18412.912503258147,11534.021098222522,10.71792223010922,55.769932220934706,12.87475851119536,15.8230150486364,37.842578652911136,23.70494621731288,,,,,2.09,23.22,54.0,4.23600149,45.21318436,21.79863739,44.06991577,,,,,,,,,,,,,2.0,类型2-低缓冲低承载型,-0.4080957864559785,0.20477115716753025,0.0854202648244099,0.14509571099597007,0.19949032315576787,0.34159121622044253,0.2279105017687028,-0.08281479077273274,低压低响应型,,0.14208389715832206,0.34318028359216746,0.29371761658031087,0.26738794435857804,0.17498895271763146,0.1291675866637227,,,,,,,0.04590598101964246,,,component__ext_he_pct / component__govt_he_pct / component__doctors_10k,高收缩压 / 高血糖 / 膳食风险
UKR,2023,37732836.0,331231.8746509169,7683.327257698143,77449.51040798385,3881.652118527092,877.8345594031598,20.362443092531244,205.2575915788144,10.287199505828536,73.4225,66.8995,80.198,0.779,37732.836,65.133,41.9843,-1.546,0.977,18.5575345907943,37732836.0,69.4754455027606,40605.292937292885,,70708.57533547927,50372.60162596593,50327.8029691991,34248.55235873643,189359.1767407482,117810.30094693102,187.39268719552183,133.49805359439702,133.3793276741751,90.76591104558489,501.8418884304064,312.2222272053206,,,,,35.31,60.79,80.0,,,,0.0,,,,,,,,,,,,,1.0,类型1-高负担转型承压型,0.3034538868278252,0.5449589810017271,0.9073474381116867,0.7261532095567069,0.8020855240614179,0.7077698823190035,0.7832223957129351,-0.057069186156228136,高压高响应型,,0.8205345060893099,0.6802835921674544,0.8287996545768567,,,,,,,,,,0.8787243434120503,,,component__nurses_10k / component__doctors_10k / component__uhc_index,高收缩压 / 吸烟 / 高血糖
URY,2023,3388081.0,9507.961246594632,2101.699208809489,10557.143427514851,2130.1707391645746,280.62969116129847,62.03214175840215,311.5965476479119,62.87248560954046,78.1385,74.1924,81.9204,0.862,3388.08,19.5621,35.7787,-0.036,1.4089,15.8128179067764,3388081.0,95.5439605712891,220556.2467665687,40.9,4037.741265754909,1644.961963455722,2957.472508086232,2999.964474131668,5467.646945248265,3663.83470673227,119.17487408816108,48.5514355605938,87.29049004690951,88.54465032363949,161.3788733282429,108.13893489359523,,,,24.41795223,45.51,76.25,85.0,9.01887608,2076.09423828,72.35817719,0.0,,,,,,,,,,,,,1.0,类型1-高负担转型承压型,0.1079126947554944,0.8615608808290155,0.6819588370754174,0.7717598589522164,0.8147681082709669,0.7518331022847761,0.8021811070737288,-0.030421248121512368,高压高响应型,0.43599320882852294,0.9485791610284168,0.7903443619176233,0.9547711571675302,0.8421285051887833,0.8596995139195758,0.8079046147052329,,,,,,,0.8787243434120503,,,component__beds_10k / component__nurses_10k / component__govt_he_pct,高收缩压 / 吸烟 / 高血糖
USA,2023,336806231.0,900759.0961230109,220920.75198547932,707283.4987780895,225579.6456098508,267.4413396238536,65.59283399524735,209.99715375755312,66.97609035916287,79.3043,76.8638,81.8486,0.938,343477.335,37.5484,38.023,0.584,1.6236,17.4318194823539,336806231.0,80.071561119178,64948.141602076175,41.8,358821.06096464663,82462.92814820995,337646.08788656443,348869.5016051258,467551.7176157167,357629.4627158827,106.5363487781337,24.483789359648146,100.2493590703684,103.58166491436609,138.81920065063068,106.18255536842568,,,,,,120.55,88.0,16.69414902,13473.19335938,53.95373535,0.0,,,,,,,,,,,,,1.0,类型1-高负担转型承压型,-0.0695185076672582,0.8232944732297065,0.6472725964306275,0.735283534830167,0.8904095713006059,0.717561007825622,0.8558398586056093,-0.12055632377544234,高压高响应型,,,0.9527346387575962,0.9872625215889465,0.9938176197836167,1.0,0.5299183042614264,,,,,,,0.8787243434120503,,,component__govt_he_pct / component__ext_he_pct / component__nurses_10k,高收缩压 / 吸烟 / 高血糖
UZB,2023,35652307.0,108248.92479252096,3175.6521699734394,19803.647459481672,11624.457887109858,303.62389954883133,8.907283811881905,55.54660869346175,32.60506504420558,72.3884,69.4503,75.4006,0.74,35652.307,83.8089,26.9143,2.009,3.5,5.69504099692623,35652307.0,50.9964841114568,5520412.924715117,34.5,19718.273887627412,37464.78669158734,23580.37017827011,23073.596725691234,61917.90033721654,44554.06156307918,55.30714712971425,105.08376552346904,66.13981580005498,64.71838337331504,173.67151117939306,124.96824276498904,,,,48.944933752,23.23,107.02,79.0,6.74312878,192.11869812,35.36053848,0.10427919,,,,,,,,,,,,,3.0,类型3-相对稳健型,-0.2564736858782159,0.38708981001727116,0.6686096718480138,0.5278497409326425,0.630210232163322,0.5930449973243626,0.6227771851955302,-0.09492744426288768,相对均衡型,0.7650254668930391,0.5669824086603519,0.9085077650236327,0.7958765112262521,0.6237580039743873,0.43415819708351744,0.27467432104217265,,,,,,,0.6726991834032222,,,component__govt_he_pct / component__che_pc_usd / component__doctors_10k,高收缩压 / 高血糖 / 膳食风险
VCT,2023,101323.0,377.7840633415297,16.97368748945798,202.47299286902128,151.3755700194987,372.8512414175752,16.752057765224066,199.8292518668232,149.3990209720386,71.2301,68.664,74.3151,0.798,101.323,259.8013,33.8967,-0.704,1.7753,11.5630782896198,101323.0,47.7169922340041,15867.180813015186,,57.405874847252534,45.55772065041957,120.1479361866968,145.11502770873352,247.91731564770396,145.04387191176068,56.65631184158832,44.962861986340286,118.57913424069244,143.22022414331744,244.68019664607635,143.14999744555598,,,,,18.56,80.16,80.0,4.43696308,469.20709229,69.08777618,1.57827044,,,,,,,,,,,,,1.0,类型1-高负担转型承压型,0.3739834598259554,0.7239313471502591,0.7104202648244099,0.7171758059873345,0.608522953644325,0.5380818486428895,0.5944347326440379,0.12274107334329665,高压高响应型,,0.4707374830852503,0.8075624577987845,0.8287996545768567,0.3033782291896666,0.634334953601414,0.7379112386840362,,,,,,,0.47693665857426615,,,component__che_pct_gdp / component__doctors_10k / component__ext_he_pct,高收缩压 / 吸烟 / 高血糖
VEN,2023,28300854.0,82958.31775582321,5492.938182363093,39051.580817853945,24830.252588524985,293.1300863070182,19.409089854189887,137.98728765518504,87.73676083599804,72.5142,68.7199,76.5009,0.709,28300.854,30.8811,29.025,0.354,2.0793,9.33356816723623,28300854.0,89.249627620225,22505.303064604446,,16896.435762126574,18431.50269567436,28255.22773325211,26093.105273244902,54535.25481529314,39825.82070499313,59.702918371744445,65.12701947324403,99.8387813076316,92.19900315815524,192.69826562581164,140.72303508930554,,,,,,,75.0,3.77611423,185.99124146,31.73043251,0.53693658,,,,,,,,,,,,,1.0,类型1-高负担转型承压型,0.2675820950658844,0.6807534542314335,0.6985103626943006,0.689631908462867,0.42112390934849697,0.6248340708405173,0.46186594164690103,0.227765966815966,高压低响应型,,,,0.677461139896373,0.19253698388165158,0.4281926646045073,0.22985206447339368,,,,,,,0.5775766938865593,,,component__che_pct_gdp / component__govt_he_pct / component__che_pc_usd,高收缩压 / 吸烟 / 高血糖
VNM,2023,100352192.0,223067.63610481544,48407.16331242809,121820.19838062352,48493.330560551985,222.2847669384396,48.23727548714441,121.39266313248396,48.323140326174425,74.5883,69.8771,79.2643,0.766,100352.192,320.1956,32.4294,0.644,1.9125,8.62116598619573,100352192.0,38.1298904418945,23030428.840927072,,106545.24256675916,94827.15667892453,19876.00802773475,48430.52727457933,144800.7877541316,80713.84969544009,106.17131568661615,94.4943551197412,19.80625199271656,48.26055745207771,144.29260075767112,80.43057962843511,,,,,,,71.0,4.56109476,197.19210815,44.30301285,1.1460973,,,,,,,,,,,,,3.0,类型3-相对稳健型,0.0051990971419534,0.6883095854922279,0.5416666666666666,0.6149881260794472,0.44930051296754997,0.6305802547072513,0.48555646131549024,0.12943166476395696,相对均衡型,,,,0.5765328151986183,0.32589975712077723,0.4376933274414494,0.39633473172885847,,,,,,,0.5100419333480468,,,component__che_pct_gdp / component__govt_he_pct / component__che_pc_usd,高收缩压 / 高血糖 / 膳食风险
VUT,2023,320409.0,808.0155770187514,137.00245765525528,160.33795165388057,182.57044847893883,252.18254700047484,42.75861715971002,50.04165040741071,56.98043702859122,71.4769,69.4453,73.9271,0.621,320.408,26.2845,20.1432,2.295,3.5958,4.21820894264665,320409.0,22.2651966823901,92728.24694314398,,244.72940694638763,447.442805691529,231.3689136502643,255.350463693778,496.25005367956254,392.1265022415084,76.38031607925734,139.64738995831237,72.21049148128307,79.69515952853322,154.8801855377229,122.38311103667762,,,,,,,52.0,4.1186676,143.43753052,56.58071136,31.9564991,,,,,,,,,,,,,1.0,类型1-高负担转型承压型,0.4464499664094497,0.625,0.7277993667242372,0.6763996833621186,0.31401231089519205,0.375157591873383,0.32624136709083024,0.3501583162712884,高压低响应型,,,,0.27817357512953367,0.2483992051225436,0.3828988068935042,0.5665709869728417,,,,,,,0.09401898035753697,,,component__ext_he_pct / component__che_pct_gdp / component__uhc_index,高收缩压 / 吸烟 / 高血糖
WSM,2023,216663.0,516.2259599268679,108.16220207690957,120.17580533558191,208.9265580622757,238.2621674798502,49.92186117468583,55.46669497587586,96.42927406261138,71.6982,69.8611,73.6622,0.708,216.663,76.5594,19.9039,0.627,3.8292,5.70563501843877,216663.0,17.5012799804602,7033.658891854939,,261.9478946253073,238.9438381786594,234.53363544642815,260.5931666141533,325.1862912696528,239.56212653080385,120.90107430678394,110.28363780555952,108.24812517431594,120.27580464322624,150.08852054557207,110.5690064897116,,,,,,,62.0,6.78103304,292.81085205,69.23589325,16.53037262,,,,,,,,,,,,,1.0,类型1-高负担转型承压型,0.4702856736939676,0.6886334196891192,0.7926021876799078,0.7406178036845135,0.49325525670816617,0.3012375446691958,0.45485171430037213,0.28576608938414133,高压低响应型,,,,0.37284110535405873,0.6270699933760212,0.5236411842686699,0.7412232280856701,,,,,,,0.20150077245641138,,,component__ext_he_pct / component__uhc_index / component__che_pc_usd,高收缩压 / 吸烟 / 高血糖
YEM,2023,39390799.0,55038.44809960276,3973.5021588240234,12831.543793785766,5918.732561327773,139.72412212202846,10.087386546345565,32.57497720161951,15.025672775329518,69.2952,67.2351,71.3879,0.47,39390.799,74.608,18.1845,3.029,4.59,2.50752339397838,39390799.0,36.5707979836506,,,15129.532169322323,28926.116927878847,9847.682263989373,7337.057609723157,32698.16678817855,23226.339327196813,38.40879736743173,73.43368924270577,24.999955608895807,18.62632339527603,83.0096561082159,58.963869524953815,,,,4.64550098,,5.41,43.0,9.69559193,47.78109741,8.44428062,21.07400894,,,,,,,,,,,,,2.0,类型2-低缓冲低承载型,-0.132457109869425,0.12872409326424872,0.3161341393206678,0.22242911629245826,0.222805902983547,0.14088328705369216,0.20642137979757605,0.016007736494882213,低压低响应型,0.042105263157894736,,0.07562457798784605,0.19235751295336787,0.8865091631706778,0.1831639416703491,0.02009273570324575,,,,,,,0.1597881262414478,,,component__govt_he_pct / component__beds_10k / component__nurses_10k,高收缩压 / 高血糖 / 膳食风险
ZAF,2023,63212384.0,95572.72583657432,21323.509487901603,70401.14405787492,49886.05068063202,151.19304128218658,33.73312021881915,111.37239193173748,78.91816053106305,66.1387,62.6089,69.5989,0.741,63212.384,51.7789,28.2127,1.315,2.2157,6.51509367622564,63212384.0,63.5823705163545,32202.749708900257,,42612.31091398631,32967.370645658106,52025.893637566885,55448.01475007024,65932.01327018287,46817.21152409843,67.4113333773115,52.153341733888894,82.30332467379633,87.717012460834,104.30236782429036,74.063353668323,,,,,8.16,42.54,74.0,8.90966797,536.58843994,61.61361313,2.05698609,,,,,,,,,,,,,1.0,类型1-高负担转型承压型,0.0356149208783105,0.634337219343696,0.5576065054691998,0.5959718624064478,0.5781440871922896,0.5582027699439434,0.5741558237426204,0.02181603866382742,相对均衡型,,0.29668470906630584,0.5175557056043214,0.6493955094991365,0.8335173327445352,0.6648254529385771,0.6352395672333848,,,,,,,0.44979033325976603,,,component__doctors_10k / component__ext_he_pct / component__nurses_10k,高收缩压 / 吸烟 / 高血糖
ZMB,2023,20723965.0,19952.19779971421,2491.418617983758,12661.172414831695,6424.605960123125,96.2759674594809,12.021920602470416,61.09435339632978,31.000853167447087,66.3487,63.9361,68.6729,0.595,20723.965,27.8776,17.4896,2.833,4.1014,1.89885236729554,20723965.0,45.0285853521585,6448.516636884869,,4006.271527736216,13797.499267657822,4561.529589833266,5527.671757316552,12986.297449632151,9163.277957632385,19.331587983941372,66.57750709218926,22.01089217161516,26.67284835366472,62.66318945062951,44.21585327726805,,,,,1.56,17.17,62.0,5.97841072,79.55635071,40.71538925,47.90814972,,,,,,,,,,,,,2.0,类型2-低缓冲低承载型,-0.125295076314628,0.25334628670120896,0.22488485895221647,0.2391155728267127,0.2800572203701946,0.19969264015202315,0.26398430432656034,-0.02486873149984764,低压低响应型,,0.11045331529093369,0.26451721809588113,0.37284110535405873,0.5396334731728858,0.29496243923994697,0.34312210200927357,,,,,,,0.034870889428382255,,,component__ext_he_pct / component__doctors_10k / component__nurses_10k,高收缩压 / 高血糖 / 膳食风险
ZWE,2023,16340822.0,16370.758735609868,3517.3017262566595,8722.629073078358,3670.991325361475,100.18320214007514,21.52463154091428,53.37937756789933,22.46515704877928,62.7748,60.2264,65.0125,0.598,16340.822,42.2407,17.8084,1.684,3.7239,3.61832175940481,16340822.0,39.2919370795795,3270.7457691088284,,5677.736880954641,11912.07972639631,4941.403000681407,4080.123197411955,10585.098726417891,7108.11000184607,34.74572381337145,72.89767752440062,30.239623200604026,24.968898121599725,64.7770272904135,43.49909693555239,,,,,1.82,,59.0,2.92601609,62.92946243,32.35212708,44.98420715,,,,,,,,,,,,,2.0,类型2-低缓冲低承载型,0.0612245691978024,0.2662456822107081,0.2797567645365573,0.2730012233736327,0.18024894373323216,0.23146669514471108,0.19049249401552795,0.08250872935810474,低压低响应型,,0.1300744248985115,,0.34628670120898103,0.08125413998675204,0.24392399469730447,0.2366968425701038,,,,,,,0.043257559037740013,,,component__ext_he_pct / component__che_pct_gdp / component__doctors_10k,高收缩压 / 高血糖 / 膳食风险
